Collection,Name,Key,BPM,Energy
unlEASHed,I Bruise Easily (Video),Em,130.79,5
unlEASHed,Finesse ,Fm,105,7
unlEASHed,"Padmaavat Song Ghoomar: Deepika Padukone, Shahid Kapoor, Ranveer Singh|Shreya Ghoshal,Swaroop Khan",Dm,83.99,6
unlEASHed,Ban Ja Rani Full Song (Video) | Tumhari Sulu | Guru Randhawa | Vidya Balan | Manav Kaul,Am,102.04,6
unlEASHed,Zindagi Ek Safar Hai  Rajesh Khanna  ( Kishore Kumar) Andaz,F#m,119.77,5
unlEASHed,KREWELLA,F#,128,8
unlEASHed,This Is What You Came For (Official Video),Am,124,7
unlEASHed,Cheerleader (Felix Jaehn Remix),E,118,6
unlEASHed,Rolling in the Deep,Cm,105,6
unlEASHed,Whatcha Say (Video),B,144,6
unlEASHed,Fuck it Off,C#m,100,6
unlEASHed,Don Omar-Dale Don Dale-Instrumental (Prod. By Swizz Beats)_HforzrVF_n0_youtube,F#m,95.01,6
unlEASHed,Sugar ,C#,120,7
unlEASHed,REMO-MUCHACHA LATINA Original Video,Gm,120,7
unlEASHed,The Show Goes on ,Em,143,8
unlEASHed,"Move Your Lakk Video Song | Noor | Sonakshi Sinha & Diljit Dosanjh, Badshah | T-Series",Em,100,8
unlEASHed,Someone Like You,A,134.99,3
unlEASHed,Abusadora,Dm,85,7
unlEASHed,Wild Ones ft. Sia,Fm,127,7
unlEASHed,What Do You Mean?,G#,125,6
unlEASHed,Ace-Hood-Ft.-Future-Rick-Ross-Bugatti-Instrumental,C#m,131,6
unlEASHed,I dont fuck with you,D#m/F#,98,7
unlEASHed,We dont talk anymore,C#m,100,6
unlEASHed,Shape Of My Heart,D,96.03,6
unlEASHed,Latest hindi songs indian music hits top recent most video playlist bollywood  movies,Cm,80,3
unlEASHed,Zoo Zoo Zoobie Zooby | Dance Dance | Sarla Yeolekar | Bollywood Hit Item Songs | Alisha Chinoy,F#m,134.49,5
unlEASHed,Dat $tick ,C#m,108,6
unlEASHed,We R Who We R,G#,120,8
unlEASHed,Esskeetit,F#,140,8
unlEASHed,Too Good Ft. Rihanna,D/Bm,118,7
unlEASHed,"Ae Mere Humsafar Full Video Song | Baazigar | Shahrukh Khan, Kajol | Vinod Rathod & Alka Yagnik",A,118.42,4
unlEASHed,Jar of Hearts,D#,150.04,3
unlEASHed,Rolex | Prod. BL$$D & BackPack Miller | #rolexchallenge,C#m/F#m,145,8
unlEASHed,Rockstar ,Gm,80,6
unlEASHed,Theres Nothing Holdin Me Back,D,122.01,6
unlEASHed,Bad Romance,Am,119,7
unlEASHed,"Beedi (Video Song) | Omkara | Ajay Devgn, Saif Ali Khan & Bipasha Basu",Am,119.99,6
unlEASHed,"Dil Ka Jo Haal Hai Video Song Besharam | Ranbir Kapoor, Pallavi Sharda",D#m,132.97,5
unlEASHed,Headlines ,F#m,152,5
unlEASHed,Drunk In Love FULL ,Fm,140,8
unlEASHed,Full Song | Yeh Dillagi | Saif Ali Khan | Kajol | Abhijeet Bhattacharya,A#m,136.94,6
unlEASHed,"Zara Dil Ko Thaam Lo | Don 2 | Full Title Song | Shahrukh Khan,Lara Dutta ,by www.PakTvCorner.com",Dm,130.03,5
unlEASHed,Full Song | Mujhse Dosti Karoge | Hrithik Roshan | Kareena Kapoor,Cm,139.75,7
unlEASHed,Stronger,D#m,104,7
unlEASHed,Hot In Herre,Em,106.59,6
unlEASHed,Buss It,Bm,92.5,6
unlEASHed,"Mohd Rafi, Joy Mukerji, Asha Parekh, Love In Tokyo Song",Am,111.83,4
unlEASHed,Dua Lipa â€’ New Rules  ï__,Am,116.01,8
unlEASHed,Stay With Me,C,85,5
unlEASHed,Wild Boy (Remix),D#m,140,7
unlEASHed,E.T. [ Lyrics ],Fm,151.53,7
unlEASHed,MAIN HOON DON,Em,120.03,6
unlEASHed,IÂ´m Not Alone,G,131,6
unlEASHed,Call Me When Youre Sober,G,93.49,7
unlEASHed,SOTY | Alia Bhatt | Sidharth Malhotra | Varun Dhawan,Bm,130.21,7
unlEASHed,Tere Bin Jeena Nahi,D,92.86,2
unlEASHed,Silence,E,142,6
unlEASHed,R.I.P.,Em/F#m,95.6,6
unlEASHed,Jason Deroulo Wiggle Lyrics,Fm,82,6
unlEASHed,Dont Matter,Dm,125.21,6
unlEASHed,Wisin y Yandel lyrics,G#,110.03,7
unlEASHed,Poker Face,G#m,119,7
unlEASHed,Ray J SEXY CAN I Uncensored ft. Yung Berg,Fm,86,6
unlEASHed,Full Song | Mere Brother Ki Dulhan | Imran Khan | Katrina Kaif | Ali Zafar,Fm,134.98,6
unlEASHed,The Devil Is A Lie Instrumental,Fm,103,8
unlEASHed,Bruno Mars - 24K Magic - 320kbps- (Popmaza.com),Fm,107,7
unlEASHed,mera pehla pehla pyaar hai ye end,G#,117.34,4
unlEASHed,The Lazy Song,B,87.5,5
unlEASHed,Shots,Cm,127.68,8
unlEASHed,Believer Imagine Dragons Lyrics,A#m,125,6
unlEASHed,RapGod Lyrics,Gm,148,6
unlEASHed,Good Feeling,E,128,8
unlEASHed,Secrets,D,148.15,6
unlEASHed,#OMW2SYG (Swiggity Swooty),Fm,100,6
unlEASHed,Rishi Kapoor - Dimple - Bobby - Bollywood Evergreen Hits,A#m,121.25,4
unlEASHed,Indian songs bollywood good hits new hd funny nice hindi best latest music video movies new,Dm,119.99,8
unlEASHed,Hurt (Main Video),Em,143.79,4
unlEASHed,Panoramic (Audio),Em,97.51,6
unlEASHed,F**k With U,G#m,98,7
unlEASHed,Main Tera Dhadkan Teri,Dm,110,7
unlEASHed,Hot N Cold,G,132.04,7
unlEASHed,Going Like (Original Mix),Fm,100,8
unlEASHed,"Superhit Classic Hindi Song - Shammi Kapoor, Sharmila Tagore",D#m,119.05,4
unlEASHed,Strange Clouds,G#m,148,6
unlEASHed,"Me, Myself & I - LYRICS [HD]",Cm,112,7
unlEASHed,Dhoom: 2 Crazy Kiya Re HD,F#m,92,4
unlEASHed,What Do You Mean?,G#,125,6
unlEASHed,Gods Plan,Cm,154.4,6
unlEASHed,Red Nose (Lyrics On Screen),Bm,97.5,4
unlEASHed,Going Under,Bm,87.58,7
unlEASHed,Good Enough,C,114.99,3
unlEASHed,"Chinnadana Neekosam Title Full Video Song || Chinnadana Neekosam Video Songs || Nithin, Mishti",Am,126,6
unlEASHed,"Baazigar O Baazigar Full Video Song | Baazigar | Shahrukh Khan, Kajol | Kumar Sanu & Alka Yagnik",Em,106.23,3
unlEASHed,"Jagga Jasoos: Galti Se Mistake Video Song | Ranbir, Katrina | Pritam, Arijit, Amit | Amitabh B",F#m,130,8
unlEASHed,Full Song | Jab Tak Hai Jaan | Shah Rukh Khan | Katrina Kaif | Shreya Ghoshal | A. R. Rahman,F#m/A,81.99,4
unlEASHed,Faded (Lyrics On Screen),Cm,92.15,7
unlEASHed,Wild For The Night *Lyrics* Feat. Skr,F#m,140,7
unlEASHed,"Tamma Tamma Again | Varun , Alia | Bappi L, Anuradha P | Tanishk, Badshah |  Badrinath Ki Dulhania",Dm,122.98,7
unlEASHed,Single Ladies (Put a Ring on It) (Video Version),Em,96.9,8
unlEASHed,Part Of Me,F,130,7
unlEASHed,Lolly,Fm,152.19,8
unlEASHed,Baby Boy (instrumental) - Beyonce Feat. Sean Paul,Cm,91.54,6
unlEASHed,Laila Main Laila | Raees | Shah Rukh Khan | Sunny Leone | Pawni Pandey | Ram Sampath,Em,136,7
unlEASHed,"Ek Duuje Ke Liye - Kamal Hassan, Rati Agnihotri - Old Hindi Song",Bm,108.81,4
unlEASHed,Jason Derulo lyrics,F#m,100.39,7
unlEASHed,Cheap Thrills Ft. Sean Paul [Lyrics] |New 2016|,F#m,90,7
unlEASHed,If I Aint Got You,Em,119.25,4
unlEASHed,Tunnel Vision,Em,86,6
unlEASHed,My Generation,C#m,105.92,7
unlEASHed,FEFE,D#m,126,5
unlEASHed,GotInstrumentals.com,F#,98,6
unlEASHed,Zack Knight- Dum Dee Dee Dum Full Video Song - Jasmin Walia - New Song 2016 - T-Series,C#m,92,7
unlEASHed,rockstar ft. 21 Savage,Gm,80,6
unlEASHed,Piece Of Me,C#m,115,6
unlEASHed,Mohammad Rafi Hit Song - Shammi Kapoor Songs,D,79.65,3
unlEASHed,Stacys Mom,Em,118,7
unlEASHed,Plain Jane REMIX (Audio),D#m,85,6
unlEASHed,Live While Were Young,D,126,7
unlEASHed,"Make Some Noise For Desi Boyz Title Song | Desi Boyz | Akshay Kumar, John Abraham",Dm,142,8
unlEASHed,Ball On These Hoes,Em,129.99,6
unlEASHed,Gods Plan,Cm,154.4,6
unlEASHed,lyrics,F#m,92,3
unlEASHed,"Im Not A Girl, Not Yet A Woman (Video Version Without Movie Footage)",Fm,158,4
unlEASHed,"Badtameez Dil Full Song HD Yeh Jawaani Hai Deewani | Ranbir Kapoor, Deepika Padukone",D#m,110.77,7
unlEASHed,I Gotta Feeling,G,128,6
unlEASHed,Full Video| Shaandaar | Alia Bhatt & Shahid Kapoor | Vishal Dadlani | Amit Trivedi,Gm,152.08,5
unlEASHed,Jealous,Bm,93,7
unlEASHed,All The Right Moves,C,120.15,6
unlEASHed,IDFWU x Kaali Camaro,D#m,98.01,8
unlEASHed,Chal chal mere saathi _¡_»_____° ____ÑèÑ‚ _¿Ñ€_¸ÑèÑ‚_µ_»,G#,122.53,4
unlEASHed,Scholarship (DOWNLOAD) (STAY TRIPPY),Fm,153,6
unlEASHed,YoncÃ© (Video),Fm,87.99,6
unlEASHed,"Helen, Ashok Kumar - Howrah Bridge - Bollywood Superhit Song",C,108.67,4
unlEASHed,Ed Sheeran ,G#,95,4
unlEASHed,Full Song | Band Baaja Baaraat | Ranveer Singh | Anushka Sharma,D#m,156,7
unlEASHed,Gas Pedal (Official Video),Fm,97.5,4
unlEASHed,Better Than Me,C,139.87,5
unlEASHed,These Words,F,97,5
unlEASHed,Hotel (Audio),A#m,103,7
unlEASHed,Blockbuster Disco Song - Superhit Cult Song - Jalwa - Naseeruddin Shah,G#,130.78,4
unlEASHed,Umrao Jaan 1981,F,109.04,3
unlEASHed,Swag Se Swagat Song | Tiger Zinda Hai | Salman Khan | Katrina Kaif | Vishal Dadlani | Neha Bhasin,Cm,106,8
unlEASHed,Bring It Back,Am,147,6
unlEASHed,Stacys Mom Lyrics (Full Song),Em,117.99,8
unlEASHed,Full Song | Gunday | Ranveer Singh | Arjun Kapoor | Priyanka Chopra,Cm,126.67,6
unlEASHed,Rehab,C,145.5,7
unlEASHed,Heartless,A#m,87.98,6
unlEASHed,Chennai Express,G#m,127.13,7
unlEASHed,Shaitan (2011) Rajeev Khandelwal Kalki Koechlin *Tseries*,A,88,6
unlEASHed,Black Beatles,Em,146,6
unlEASHed,Shreya-Ghoshal-HD-Jaadu-Hai-Nasha-Hai-Jism-(16-9)[www.savevid.com].mp4,Cm,95.1,6
unlEASHed,Kesha LYRICS!,Dm,120,8
unlEASHed,Dont Wake Me Up,A#,128,7
unlEASHed,Goin In ,D#m,137.81,7
unlEASHed,Heartbeat Song (Audio),F#,149,7
unlEASHed,HUMBLE.,G#,150.01,6
unlEASHed,,C#m,142.07,6
unlEASHed,"Rajesh Khanna, Kishore Kumar, Mere Jeevan Saathi, Romantic Song",Fm,116.32,2
unlEASHed,Hum Aapke Hain Koun - Salman Khan & Madhuri Dixit - Romantic Song,Gm,92.74,4
unlEASHed,Bananza (Belly Dancer),Fm,104.8,6
unlEASHed,Ass Drop lyrics,Cm,89,6
unlEASHed,Fight Night Lyrics,C#m,90.01,5
unlEASHed,"Lungi Dance The Thalaiva Tribute Official Full Song | Honey Singh, Shahrukh Khan, Deepika Padukone",C#m,82,7
unlEASHed,Lips Of An Angel,D,129,6
unlEASHed,"Partner | Salman Khan, Govinda, Katrina, Lara Dutta",A,134.87,7
unlEASHed,"HD - Asha Bhosle, Mohammad Rafi, Asha Parekh, Shammi Kapoor",B,135.83,4
unlEASHed,Rishi Kapoor - Dimple - Bobby -  Narendra Chanchal,A#m,89.22,4
unlEASHed,Candyman (Edit),Em,86.5,7
unlEASHed,HeadBand (feat. 2 Chainz),Cm,97.5,6
unlEASHed,LMFAO,Fm,129.89,7
unlEASHed,Nachan Farrate VIDEO Song ft. Sonakshi Sinha | All Is Well | Meet Bros | Kanika Kapoor,F#m,102.04,7
unlEASHed,Since U Been Gone (VIDEO),G,131,7
unlEASHed,Super Bass,B,127,7
unlEASHed,Sweet Caroline Lyrics,B,126.31,4
unlEASHed,"Waka Flocka, No Hands.",C#m,131.5,8
unlEASHed,Wiggle,Am,131.03,7
unlEASHed,Psycho  ft. Ty Dolla $ign,D#,140.01,6
unlEASHed,Drake-The Motto ,F#m,98.54,5
unlEASHed,Dance Music (Instrumental) | Chandni | Sridevi | Rishi Kapoor,G,83.05,6
unlEASHed,"LAK HILAADE Full Audio Song | Manj Musik,Amy Jackson,Raftaar | Latest Hindi Song | T-Series",F#m,108,7
unlEASHed,"Kygo, Selena Gomez â€“ It Aint Me  ï_µ",C,100,6
unlEASHed,Thnks fr th Mmrs,A#m,154.23,7
unlEASHed,2012 PSY with Oppan Lyrics & MP3 Download,Bm,132,7
unlEASHed,"Yo Yo Honey Singh: DIL CHORI (Video) Simar Kaur, Ishers | Hans Raj Hans | Sonu Ke Titu Ki Sweety",Cm,100,6
unlEASHed,"Preeti Sagar, Lakshmi, Julie, Romantic Song",G,127.09,3
unlEASHed,Light It Up (feat. Nyla & Fuse ODG) (Remix),Am,108.02,8
unlEASHed,Tarzan My Tarzan Aaja Me Sekha Tuje Pyar - Alisha Chinoy,D#,91.31,4
unlEASHed,Juicy J Ft. Lil  Wayne. With Lyrics On Screen!,F#m,131,8
unlEASHed,Dark Horse,A#m,132,7
unlEASHed,Candy (Punjabi MC Remix),D#m,100.01,7
unlEASHed,Right Thurr,Dm,92.1,6
unlEASHed,In My Arms,Cm,128.01,8
unlEASHed,Alive [Official Video Clip] - HQ Lyrics,Dm,81.19,7
unlEASHed,"Appy Budday Full Song |  Kismet Love Paisa Dilli (KLPD) | Vivek Oberoi, Mallika Sherawat",C#m,101.04,7
unlEASHed,GotInstrumentals.com,Dm,135,5
unlEASHed,"Laung Laachi Title Song  Mannat Noor | Ammy Virk, Neeru Bajwa,Amberdeep | Latest Punjabi Movie 2018",Em/Am,98.04,6
unlEASHed,Bad Blood,Fm,0,4
unlEASHed,I Dont Wanna Live Forever Lyrics (Fifty Shades Darker),Am,118,6
unlEASHed,Show Out - Lyrics,C#m,130.09,8
unlEASHed,Call Me Maybe,G,120,8
unlEASHed,Sorry Not Sorry,Bm,144,8
unlEASHed,Crazy Music Video,Cm,111.36,4
unlEASHed,Chammak Challo,Cm,134,7
unlEASHed,Show me the money (INSTRUMENTAL GOOD VERSION)_iHAk2iwDyU0_youtube,Dm,110.41,5
unlEASHed,"Cham Cham Full Video | BAAGHI | Tiger Shroff, Shraddha Kapoor| Meet Bros, Monali Thakur| Sabbir Khan",F,120,6
unlEASHed,Jab We Met (Original DVD quality),F#,129.87,3
unlEASHed,Outside [Audio] ft. Ellie Goulding,Dm,128.01,7
unlEASHed,J-kwon [OFFICAL LYRICS VIDEO],F/Fm,93,7
unlEASHed,Rack City (Explicit),C#m,99,6
unlEASHed,"Lil Pump Gucci Gang Remix Feat. Bad Bunny, Ozuna, J Balvin, 21 Savage, Gucci Mane & French Montana",Dm,120,5
unlEASHed,Without You,D#,136,6
unlEASHed,"Kashmir Main Tu Kanyakumari Chennai Express Full Video Song | Shahrukh Khan, Deepika Padukone",D#m,111.46,6
unlEASHed,"Chalte Chalte  Mere Ye Geet Yaad Rakna,",Gm,132.73,4
unlEASHed,"Main Koi Aisa Geet Gaoon Full Video Song | Yes Boss | Shahrukh Khan, Juhi Chawla | Abhijeet & Alka",G#,126.72,4
unlEASHed,FUCK YOU,Am,127.5,6
unlEASHed,Swag se Yeah,Cm,110.99,7
unlEASHed,Tory Lanez Say It (Audio),Bm,107,6
unlEASHed,Main Tera Boyfriend Full Video | Raabta | Arijit Singh | Neha Kakkar | Sushant Singh Kriti Sanon,Bm,104,7
unlEASHed,I Try,Am,152.85,4
unlEASHed,Zooted,A#m,110.01,6
unlEASHed,Kala Chashma | Baar Baar Dekho | Sidharth M Katrina K | Prem & Hardeep ft Badshah Neha K Indeep,Dm,105.96,7
unlEASHed,"Or Nah (feat. The Weeknd, Wiz Khalifa and DJ Mustard) (Remix)",B,122,6
unlEASHed,"Video Song | Race | Katrina Kaif & Saif Ali Khan | Monali Thakur, Earl Edgar",Bm,96,6
unlEASHed,Truffle Butter,Gm,105.1,6
unlEASHed,Lyrical: Mere Khwabon Mein Song with Lyrics | Dilwale Dulhania Le Jayenge | Anand Bakshi,G#m,120.28,4
unlEASHed,Full Song | Dhoom:2 | Abhishek Bachchan | Bipasha Basu | Uday Chopra,C#m,104,6
unlEASHed,I Took A Pill In Ibiza Mike Posner,A#,103.41,6
unlEASHed,She Will Be Loved,D#,101.98,5
unlEASHed,Pardon Me,E,152,5
unlEASHed,3 Peg Sharry Mann (Full Video) | Mista Baaz | Parmish Verma | Latest Punjabi Songs 2016 | T-Series,Cm,83.99,7
unlEASHed,Jannat - Full song,Dm,84,5
unlEASHed,Randhir Kapoor - Babita - Kal Aaj Aur Kal - Bollywood Love Songs,Em,137.45,3
unlEASHed,Jo jeeta wohi Sikandar,F#,79.59,4
unlEASHed,Like Whaaat,D#m,93.01,5
unlEASHed,2 On (Audio),F#m,101,6
unlEASHed,Shake It Off,G,80,8
unlEASHed,Take It On Back (Audio),A,157.84,6
unlEASHed,What You Waiting For? (Clean Version),Gm,134.64,6
unlEASHed,Major [Prod. By Band Play],F#m,147,7
unlEASHed,,Dm,121.99,8
unlEASHed,Video Song | Jab Pyaar Kisise Hota Hai | Salman Khan & Twinkle,C#,98.99,4
unlEASHed,Blurred Lines (feat. T.I. and Pharrell) [Lyrics on Screen] HD,G,120,6
unlEASHed,Chalo Mere Saath Chalo - Vijay Benedick - Sharon Prabhakar,D#,137.72,4
unlEASHed,Bodak yellow lyrics song,Em,125,7
unlEASHed,Sexy Chick,D,130,7
unlEASHed,U Mad,C#m,134,7
unlEASHed,Telephone ft. BeyoncÃ©,Fm,122.01,6
unlEASHed,Apologize,D#,118,5
unlEASHed,$ave Dat Money (Audio Only),Cm,98,6
unlEASHed,Usha Uthup Live Part 1,F,127.26,6
unlEASHed,The Hills,Cm,113,5
unlEASHed,Lonely,Fm,90.14,5
unlEASHed,Hood Go Crazy (feat. 2 Chainz & B.o.B),D#m,96,8
unlEASHed,Humble (Skrillex Remix),D#m,150,8
unlEASHed,Young M.A OOOUUU (Official Video),Cm,120,7
unlEASHed,Maneater (US Version),A#m/Cm,132.59,6
unlEASHed,Bass Down Low (Explicit),Em,113,8
unlEASHed,Kati Patang (1970) lyrics & translation,Fm,116.32,2
unlEASHed,"Badri Ki Dulhania (Title Track) Varun, Alia, Tanishk, Neha, Monali, Ikka | Badrinath Ki Dulhania",Dm,128,7
unlEASHed,Gods Plan (Lyric Video),Cm,154.4,6
unlEASHed,Baby Bash ,D#m,156.01,7
unlEASHed,Yeah! (Madness Trap Remix),Em,105.04,7
unlEASHed,SONI DE NAKHRE,G#m,132.01,7
unlEASHed,Waiting For Tonight (Remix),Fm,98.62,6
unlEASHed,Dan Bilzerian,A,150,7
unlEASHed,Sage The Gemini Lyrics,G#m,100,7
unlEASHed,"Aap Jaisa Koi Meri Zindagi | Nazia Hassan| Qurbani 1980 Songs | Feroz Khan, Zeenat Aman",Fm,112.15,6
unlEASHed,Kishore Kumar & Mohd Rafi,Em,156.01,4
unlEASHed,2 phones lyrics,Gm,122,6
unlEASHed,"Drake Ft Lil Wayne, Rick Ross ",Bm,150,7
unlEASHed,DJ Got Us Fallin In Love,Gm,120,7
unlEASHed,Thats What I Like,A#m,134,7
unlEASHed,The Reason,E,82.97,5
unlEASHed,Its My Life,F#,126.31,7
unlEASHed,Palat Tera Hero Idhar Hai (Full Video) Song Main Tera Hero | Arijit Singh | Varun Dhawan,A#m,133.75,5
unlEASHed,"Dheere Dheere Se Meri Zindagi Video Song (OFFICIAL) Hrithik Roshan, Sonam Kapoor | Yo Yo Honey Singh",Am,84,6
unlEASHed,"Hum Aapke Hain Koun - Salman Khan, Madhuri Dixit - Best Bollywood Song",F#m,107.7,4
unlEASHed,PillowTalk ,B,125,6
unlEASHed,Black And Yellow Lyrics Wiz Khalifa,Dm,82,7
unlEASHed,Boyfriend LYRICS,A#m,97,6
unlEASHed,Strip That Down (Official Video),F#,106,5
unlEASHed,In Da Club (Intl Version),C#m,90.02,5
unlEASHed,No Air (Official Video) ft. Chris Brown,B,79.92,7
unlEASHed,Pretty Girl Dance,Fm,140,8
unlEASHed,Bobby-Shmurda-Hot-Nigga-Instrumental-Prod.-By-Jahli-Beats,A,84,5
unlEASHed,Back To Back,D#m,87,6
unlEASHed,6 God,Dm,105.5,5
unlEASHed,"Nagada Nagada Full Video Song HD | Jab We Met | Kareena Kapoor, Shahid Kapoor",Fm,125,6
unlEASHed,Work,B,88.64,4
unlEASHed,Candy Shop ft. Olivia,F#m,98.01,6
unlEASHed,Cupid Shuffle,Gm,143.6,5
unlEASHed,One More Night,Fm,93,7
unlEASHed,Body,Fm,122,7
unlEASHed,GotInstrumentals.com,Fm,104,6
unlEASHed,Blockbuster Hit Song - Cult Disco Number - Jalwa,C#,137.84,4
unlEASHed,"Full Video | Hebbuli |Kiccha Sudeep, Amala Paul & Ravichandran |Shaan & Shreya Ghoshal",Fm,110,6
unlEASHed,Dirrty (VIDEO) ft. Redman,Gm,99.97,7
unlEASHed,Humpty Sharma Ki Dulhania | Varun Alia,Bm,135.42,7
unlEASHed,"Migos, Nicki Minaj, Cardi B-MotorSport",Dm,157.55,4
unlEASHed,juju on dat beat full song,C#m,80.25,6
unlEASHed,Summertime Sadness,F#m,112,6
unlEASHed,Yikes,C#m,87,5
unlEASHed,Power (Instrumental),Cm,154,7
unlEASHed,Bobby - Rishi Kapoor - Bollywood Evergreen Songs - Laxmikant Pyarelal,Em,93.09,4
unlEASHed,Justin Timberlake Cant Stop the Feeling Lyrics Video,Am,113,7
unlEASHed,"P.I.M.P. (Snoop Dogg Remix) ft. Snoop Dogg, G-Unit",D#m,85.11,6
unlEASHed,DJ Fresh VS Diplo Feat. Dominique Young Unique - Earthquake (Official Video),Em,81.92,8
unlEASHed,Stitches,A#m,150,7
unlEASHed,Laila Main Laila | Raees | Shah Rukh Khan | Sunny Leone | Pawni Pandey | Ram Sampath | New Song 2017,Em,136,7
unlEASHed,Powerless (Say What You Want) Official,D,108.39,4
unlEASHed,"Iski Uski FULL Video Song | 2 States | Arjun Kapoor, Alia Bhatt",D#m,140.62,7
unlEASHed,Limbo,G,125.01,8
unlEASHed,Pal Pal Dil Ke Paas (HD) | Blackmail | Dharmendra & Rakhi | Bollywood Evergreen Hits | Kishore Kumar,G,128.01,4
unlEASHed,Tum Dil Ki Dhadkan Mein Video Song | Dhadkan | Sunil Shetty & Shilpa Shetty | Abhijeet & Alka Yagnik,C,125.5,5
unlEASHed,Grind With Me,D#m,136.47,6
unlEASHed,Party In The USA lyrics,D#m,96,7
unlEASHed,New Rules (RMND Remix),Am,126,7
unlEASHed,Le Le Maza Le (Full Song) | Wanted | Salman Khan,D#m,94.53,7
unlEASHed,Tainted Love (Official Music Video) and Lyrics,Gm,142.01,4
unlEASHed,Tip Toe Candy Shop FINAL,Gm,100,6
unlEASHed,Sia ,C#,87,7
unlEASHed,Deewana Leke Aaya Hai   Tribute Songs   Abhijeet Bhattacharya   YouTubevia torchbrowser com,F,110.04,4
unlEASHed,Bahubali 2 Hindi Songs | Share & Subscribe Us,D,105,5
unlEASHed,m.a.a.d. City Kendrick Lamar Lyrics,Dm,149.1,5
unlEASHed,Flo Rida feat. David Guetta-Club cant handle me [Lyrics On Screen],C,128,7
unlEASHed,Havana (TULE Remix),A,110,7
unlEASHed,Without You ft. Usher,D,128,7
unlEASHed,Use Somebody,C,136.78,4
unlEASHed,Marjaani Full Video Song Billu | Shahrukh Khan | Kareena Kapoor,Cm,112.5,7
unlEASHed,Monster (Official Instrumental),Em,93.7,4
unlEASHed,Throw It Up - Well Done 4 (Track 14),G#m,96,6
unlEASHed,Turn Up The Music (Lyrics On Screen) [Fortune],F#m,135.2,7
unlEASHed,Love Aaj Kal,B,100,4
unlEASHed,"Taal | Alka Yagnik & Udit Narayan | Anil Kapoor, Aishwarya Rai & Akshaye Khanna",G#m,98.99,4
unlEASHed,Love The Way You Lie ft. Rihanna,A#,87,6
unlEASHed,You Da Baddest,Bm,154.08,6
unlEASHed,Turn Off The Light,G,90.17,7
unlEASHed,Dont Stop The Music,F#m,122.7,7
unlEASHed,Fr Fr,G#m,140,6
unlEASHed,GotInstrumentals.com,D#m,145.14,4
unlEASHed,Abhijeet Musafir hu yaro ,B,121.32,3
unlEASHed,Full Song | Dhoom:2 | Abhishek Bachchan | Bipasha Basu | Uday Chopra | KK | Alisha Chinai,C#m,104,6
unlEASHed,Gimme More,F#m,113.33,7
unlEASHed,Rae Sremmurd- Come Get Her ,Dm,92.5,6
unlEASHed,Lil Wayne   6 Foot 7 Foot  Lyrics,Am,84,8
unlEASHed,Gallan Goodiyaan Full VIDEO Song | Dil Dhadakne Do | T-Series,D,120,7
unlEASHed,Lips Are Movin,G,139,8
unlEASHed,Look Alive (feat. Drake),A,140,6
unlEASHed,Thunder,C,84,6
unlEASHed,Right Above It,F#,152,8
unlEASHed,"Maahi Ve Video | Shahrukh Khan, Saif, Preity",B,104.17,6
unlEASHed,Nobodys Home (VIDEO),Fm,92.66,7
unlEASHed,Sanam Teri Low Life,Cm,150,5
unlEASHed,Dilbara - Dhoom    ::www.RAAG.ME::,F#m,129.99,4
unlEASHed,Lithium,A#m,110.61,6
unlEASHed,Not Nice,Cm,128,7
unlEASHed,HIGH HEELS TE NACHCHE Video Song | KI & KA | Meet Bros ft. Jaz Dhami | Yo Yo Honey Singh | T-Series,D#m,136,7
unlEASHed,"Hum Saath Saath Hain - Salman, Karishma, Saif, Tabu & Sonali - Old Hindi Song",G#,91.7,4
unlEASHed,Thham Sa Gaya (Jazz) Full AUDIO Song | Mumbai Delhi Mumbai | Sawan Dutta,Bm/D,110,3
unlEASHed,Flex ,A,82,7
unlEASHed,DJ Khaled feat Drake for free (dirty) lyrics video,D#m,103.5,7
unlEASHed,Love Sosa (RL Grime Remix),Bm,140,8
unlEASHed,Rishi Kapoor - Dimple - Bobby - Bollywood Old Songs,Gm,117.62,4
unlEASHed,I Bet My Life,C#,108,6
unlEASHed,"In My Feelings (Lyrics, Audio) Kiki Do you love me",Cm,91,6
unlEASHed,Bheege Hoth Tere,D,124.97,3
unlEASHed,Heer Song | Jab Tak Hai Jaan | Shah Rukh Khan | Katrina Kaif | Harshdeep Kaur | A. R. Rahman,G,81.01,4
unlEASHed,Kati Patang - Rajesh Khanna Songs - Old Hindi Songs,F#m,84.32,4
unlEASHed,Trumpets Jason Derulo With Lyrics,C,109.34,5
unlEASHed,I Get The Bag Lyrics,D#m,140,4
unlEASHed,Cheez Badi  Full Video | Machine | Mustafa & Kiara Advani | Udit Narayan & Neha Kakkar | T-Series,Fm,96.98,6
unlEASHed,Just The Way You Are,F,108.89,6
unlEASHed,Big Girls Dont Cry (Personal),G,113.12,5
unlEASHed,Adrian Marcel ft Sage The Gemini 2AM (lyric video),E,102,6
unlEASHed,Drop Top (Feat. Travis Porter),Em,140,8
unlEASHed,Post Malone â€“ I Fall Apart  ï_µ,B,144,5
unlEASHed,Dont Let Me Down- The Chainsmokers ft. Daya Lyrics,G#m,80,6
unlEASHed,Nashe Si Chadh Gayi Song | Befikre | Ranveer Singh | Vaani Kapoor | Arijit Singh,Am,96.99,6
unlEASHed,"Independent Women, Pt. 1 (Video)",F#m,98,6
unlEASHed,Hotel Room Service,F#m,126,8
unlEASHed,In The End,D#m,105.03,7
unlEASHed,Just Give Me A Reason ft. Nate Ruess,G,95,6
unlEASHed,"Lloyd-Banks featuring Kanye West, Fabolous, SwizzBeatz  Ryan Leslie -Start it Up Produced By Kardia",D#m,81.01,6
unlEASHed,Naseeb (1981) [High Quality],Fm,97.55,4
unlEASHed,SAD!,D#,150.01,5
unlEASHed,Starry Eyed,G#,150,6
unlEASHed,Kapoor & Sons | Sidharth | Alia | Fawad | Badshah | Benny Dayal | Nucleya,Cm,130,8
unlEASHed,Take Me To Church Lyric Video,Em,129.02,4
unlEASHed,I Can Transform Ya -  Ft. Lil Wayne & Swizz Beatz,Fm,83.71,7
unlEASHed,"Bang Bang ft. Ariana Grande, Nicki Minaj",Cm,150.01,7
unlEASHed,Ignition (Remix),G#,132.92,6
unlEASHed,Desi Boyz Full Video Song  W Lyrics Akshay   John Abraham   2012,G#,132,7
unlEASHed,GotInstrumentals.com,G#m,94,6
unlEASHed,Aagaya Aagaya Halwa Wala - Mithun Chakraborty - Bappi Lahiri Hits,G,133.82,4
unlEASHed,Pipe It Up Lyrics,F#m,132,7
unlEASHed,mera piya ghar aaya FULL SONG from Yaraana,F#m,134.03,4
unlEASHed,Its Gonna Be Me,Cm,82.54,6
unlEASHed,DJ Turn it Up x Mi Gente,Em,111.72,8
unlEASHed,Finesse (Remix) [Feat. Cardi B],Fm,105,7
unlEASHed,Say It Right,Fm,116.98,7
unlEASHed,1:00 AM,Dm,100.3,5
unlEASHed,Janeman Janeman Tere Do Nayan....,A#,136.87,3
unlEASHed,"Madhosh Hawa Matwali Fiza (Version 2) | Prince | Full Song | Shammi Kapoor, Vyjayanthimala",A,128.89,4
unlEASHed,Pink Lips Full Video Song | Sunny Leone | Hate Story 2 | Meet Bros Anjjan Feat Khushboo Grewal,Cm,136,7
unlEASHed,Drake Lyrics,Fm,0,4
unlEASHed,BURN,Dm,104.33,7
unlEASHed,Milkshake with lyrics,Dm,113,7
unlEASHed,DHOOM TAANA,F,108.01,6
unlEASHed,Centuries,Em,88,7
unlEASHed,Dangerous World,Em,100,5
unlEASHed,Starving (Lyric Video) ft. Zedd,F#m,100.01,6
unlEASHed,"China Town - Shammi Kapoor, Shakila & Keshto Mukherjee",G,143.55,4
unlEASHed,Title Song (II) - 1080p HD,Em,80.88,4
unlEASHed,Tyga - Lyrics,A,99,5
unlEASHed,With That (feat. Duke) [HQ],Dm,124,8
unlEASHed,Saree Ke Fall Sa Full Video Song | R...Rajkumar,Dm,124,6
unlEASHed,Not For Long ft. Trey Songz,G#,100,6
unlEASHed,Born This Way,F#/F#m,137.89,7
unlEASHed,Starships (Explicit),Bm,125.36,7
unlEASHed,Molly,D#m,125,5
unlEASHed,Real Hip Hop (INSTRUMENTAL),A#m,93,5
unlEASHed,Rolex ,F#m/C#m,145,8
unlEASHed,Full Title Song | Saif Ali Khan | Preity Zinta | Kunal | Vasundhara,G#m,101.04,6
unlEASHed,No Lie (Explicit),F#m,131,7
unlEASHed,Guru Randhawa: High Rated Gabru Official Song | DirectorGifty | T-Series,Dm,91.91,6
unlEASHed,Incomplete (MTV Version),B,133.94,6
unlEASHed,Badshah Feat. Lauren Gottlieb | Official Music Video | Latest Hit Song 2017,Bm,90,7
unlEASHed,Right Round (feat. Ke$ha) [US Version],Am,124.88,8
unlEASHed,Panic! At The Disco: I Write Sins Not Tragedies [OFFICIAL VIDEO],Am,85,6
unlEASHed,Jabra Song | Fan | Shah Rukh Khan | Nakash Aziz,Bm,127.99,7
unlEASHed,Chris Brown Run It (Instrumental),F#m/C#m,101,5
unlEASHed,Cheez Badi  Full Video | Machine | Mustafa & Kiara Advani | Udit Narayan & Neha Kakkar | T-Series,Fm,96.98,6
unlEASHed,"Yeh Ishq Hai [Full Song] Jab We Met | Kareena Kapoor, Shahid Kapoor",F#m,122.92,6
unlEASHed,Airplanes (feat. Hayley Williams of Paramore),F#m,93,7
unlEASHed,Twist (Full Song Video) | Love Aaj Kal | Saif Ali Khan & Deepika Padukone,Bm,109,7
unlEASHed,New Flame,C#,142,6
unlEASHed,"Hawa Hawa (Full Video Song) | Mubarakan | Anil Kapoor, Arjun Kapoor, Ileana Dâ€™Cruz, Athiya Shetty",Am,138,8
unlEASHed,Nookie,F#m,98.1,6
unlEASHed,"Mauja Hi Mauja Full Song HD | Jab We Met | Shahid kapoor, Kareena Kapoor",A#m,111.17,7
unlEASHed,GotInstrumentals.com,Gm,98,6
unlEASHed,Ed Sheeran   Shape of you NEW SONG 2017 Lyrics,F#m,96,5
unlEASHed,Gasolina (BLASTERJAXX Remix),Fm,104,7
unlEASHed,Title Track | Dhadak | Ishaan & Janhvi | Ajay Gogavale & Shreya Ghoshal | Ajay-Atul,Gm,155.07,2
unlEASHed,Sk8er Boi,Dm/F,149.97,7
unlEASHed,Big Sean - Dance (A$$) Remix ft. Nicki Minaj,Em,80,6
unlEASHed,Full Song | DHOOM:3 | Katrina Kaif,Fm,110,8
unlEASHed,Uptown Funk ft. Bruno Mars,Dm,115,7
unlEASHed,Hey There Delilah,D,104,3
unlEASHed,Dance Ass IBetchu,Em,150,8
unlEASHed,Blue Eyes Full Video Song Yo Yo Honey Singh | Blockbuster Song Of 2013,Fm,94.18,6
unlEASHed,Sorry ,D#,99.9,7
unlEASHed,Side To Side,F#m,79.5,8
unlEASHed,Yeah,Cm,105,6
unlEASHed,"Touchin, Lovin  [HD/HQ]",G#m,100,6
unlEASHed,Counting Stars,C#m,122,7
unlEASHed,"Will.I.Am (ft. Justin Bieber), lyrics",F#m,128,7
unlEASHed,Hanging by a Moment (Official Music Video) Lyrics,C#,124.45,6
unlEASHed,Raise Your Glass,G,122,8
unlEASHed,BomBae (Prod. By Killbeatz),D#m,110.69,6
unlEASHed,Joo Joo Joobi Joobi 1 - Mithun Chakraborty - Bappi Lahiri Hits,F#m,134.2,5
unlEASHed,Tu Meri feat Hrithik Roshan & Katrina Kaif | Vishal Shekhar | HD,Fm,128,7
unlEASHed,Want To Want Me Lyrics,Cm,114,7
unlEASHed,Tujhe Bulayein Yeh Meri Bahein Na Aisi Ganga Kahin - Lata Mangeshkar,G#m,137.45,4
unlEASHed,Iggy Azalea,D#m,82,6
unlEASHed,Dr. Srimix (ft. Arjun Adapalli & Jai Matt),Cm,100,7
unlEASHed,Bodies,Cm,130.78,7
unlEASHed,Chains,Cm,152,7
unlEASHed,Rocket man RMX,A#,127,6
unlEASHed,Dance Floor (Instrumental),Bm,140,5
unlEASHed,Video Song | Munna Michael | Tiger Shroff & Nidhhi Agerwal,C#m,112.98,7
unlEASHed,Fast car,A,100.2,4
unlEASHed,Let Me Love You [Lyric Video],Cm,100,5
unlEASHed,Bang Bang,Cm,149.99,7
unlEASHed,Ridin ft. Krayzie Bone,D#m,143,6
unlEASHed,Algo Me Gusta De Ti (Lyric Video),Bm,128,7
unlEASHed,Breaking The Habit,Em,100.04,5
unlEASHed,"Nagada Nagada Full Video Song HD | Jab We Met | Kareena Kapoor, Shahid Kapoor",Fm,125,6
unlEASHed,Flo-Rida-Ft.-Sage-The-Gemini-Gdfr-Instrumental-Prod.-By-Frank-E-Lookas,Gm,146,8
unlEASHed,Video Song | Jab Pyaar Kisise Hota Hai | Salman & Twinkle | Lata Mangeshkar,A#,81.04,4
unlEASHed,"Lata Mangeshkar, Asha Parekh, Love In Tokyo Song",A#m,120.79,4
unlEASHed,DMX-Yall Make Me Loose My Minds,D#m,100.95,8
unlEASHed,Lady GaGa   Poker Face   Lyrics on screen,G#m,119,7
unlEASHed,Baby Boy (Video) ft. Sean Paul,Cm,91,7
unlEASHed,Slippery,C#m,142,7
unlEASHed,Thoughtless,F#m,80.55,7
unlEASHed,Walk It Talk It,Dm,146,6
unlEASHed,HUMBLE,G#,150,5
unlEASHed,Crank That,Cm,139.99,6
unlEASHed,Radioactive-Imagine Dragons ,A,136.59,5
unlEASHed,Cant Hold Us Down (VIDEO),Cm,99.01,7
unlEASHed,Full Title Song | Madhuri Dixit | Sunidhi Chauhan,D#m,120,6
unlEASHed,"Achha To Hum Chalte Hain | Kishore Kumar, Lata Mangeshkar | Aan Milo Sajna 1970 Songs| Asha Parekh",G#m,119.02,4
unlEASHed,Rock N Roll Soniye,A#,95,5
unlEASHed,Wiggle feat. Snoop Dogg,Am,131.03,7
unlEASHed,Munni Badnaam Hui [Full Song] Dabangg | Feat. Malaika Arora Khan,Em,130.21,6
unlEASHed,Let Me Love You [Lyric Video],Cm,100,5
unlEASHed,Jawani Janeman Haseen Dilruba - Asha Bhosle,G#,108.86,4
unlEASHed,Twenty One Pilots lyrics,F#,150,6
unlEASHed,R.Kelly ignition lyrics,G#,132.92,6
unlEASHed,Up Down (Do This All Day),Fm,97,6
unlEASHed,Let It Rock,Dm,113.14,8
unlEASHed,Same Old Love (Lyric Video),Bm,98,7
unlEASHed,... On The Radio (Remember The Days),Cm,143.85,6
unlEASHed,Girls Like You ,C,125,5
unlEASHed,Dil Deewana |  Maine Pyar Kiya | Salman Khan & Bhagyashree | Classic Romantic Old Hindi Song,A,84.93,4
unlEASHed,Garv - HD,Am,83,5
unlEASHed,My Way Remix,A#m,128,8
unlEASHed,Full Song | Dhoom | Abhishek Bachchan | Rimi Sen | Shaan | Shreya Ghoshal,A#m,95.83,6
unlEASHed,Only,G#m,120,4
unlEASHed,CUTIEPIE ( REMIX ) AQEEL ALI,Cm,130,8
unlEASHed,I Love College,D#,86.42,8
unlEASHed,I Kissed A Girl,Am,130,8
unlEASHed,"Booty (Remix) Ft  Chris Brown, Trey Songz & Jeezy",Fm,144,4
unlEASHed,Power (Instrumental),Cm,154,7
unlEASHed,Lyrical: Malang Song with Lyrics | DHOOM:3 | Aamir Khan | Katrina Kaif | Sameer Anjaan,Em,86.52,7
unlEASHed,Guitar -  Kabhi Palkon Pe Aansoo,G#m,103.17,3
unlEASHed,The Illest,A#m,142,8
unlEASHed,Cake By The Ocean,Em,119,7
unlEASHed,Goodies ft. Petey Pablo,Fm,102.01,5
unlEASHed,Freaky Friday,Fm,121.33,7
unlEASHed,Bring Me To Life,Em,94.99,6
unlEASHed,El Chapo Jr.,Fm,137,7
unlEASHed,"Mauja Hi Mauja Full Song HD | Jab We Met | Shahid kapoor, Kareena Kapoor",A#m,111.17,7
unlEASHed,Salaam-E-Ishq,G#,105.07,6
unlEASHed,Baby Doll Ragini MMS 2 Sunny Leone Song | Meet Bros Anjjan Feat. Kanika Kapoor,Em,104,6
unlEASHed,Gucci Gang Lyrics,Dm,119.69,4
unlEASHed,Smack That ft. Eminem,Fm,118.94,4
unlEASHed,Papi,Em,119.89,7
unlEASHed,Get Ur Freak On,Fm,88.9,6
unlEASHed,Disturbia,Bm,125,6
unlEASHed,"S/o Satyamurthy Video Songs - Allu Arjun, Samantha, Nithya Menon",G,97.99,5
unlEASHed,gotinstrumentals.com,Cm,104.48,4
unlEASHed,Trap Queen (Official Video) Prod. By Tony Fadd,Am,148.04,5
unlEASHed,Turn Me On,Cm,128.13,7
unlEASHed,My Happy Ending (VIDEO),D,84.94,7
unlEASHed,Lyrical: Zara Sa Jhoom Loon Main Song with Lyrics | Dilwale Dulhania Le Jayenge | Anand Bakshi,C#m,136.16,5
unlEASHed,"Go Go Govinda Full Video Song OMG (Oh My God) | Sonakshi Sinha, Prabhu Deva",B,132,7
unlEASHed,TIPTOE LYRICS / JASON DERULO FT. FRENCH MONTANA,Gm,98,7
unlEASHed,Baby ft. Ludacris,D#,130,8
unlEASHed,"Ghagra | Yeh Jawaani Hai Deewani Full HD Video Song | Madhuri Dixit, Ranbir Kapoor",E,127.61,6
unlEASHed,Havana (Audio) ft. Young Thug,Dm,105,5
unlEASHed,Full Song | Dil To Pagal Hai | Shah Rukh Khan | Karisma Kapoor | Asha Bhosle,Fm,124.09,6
unlEASHed,Romantic indian songs new hindi love top hits most best Bollywood playlist popular,Cm,80,4
unlEASHed,Jehri Kuri | Manak-E | Official Music Video,Fm,89.96,7
unlEASHed,So Sophisticated ,C#m,147.84,6
unlEASHed,Daru Mukjeh (2017),Dm,100,8
unlEASHed,Imagine Dragons/sucker For Pain letra,Am,84.01,5
unlEASHed,Moves Like Jagger (Explicit) ft. Christina Aguilera,Bm,96.58,7
unlEASHed,Video Song | Munna Michael | Tiger Shroff & Nidhhi Agerwal | 250  Million Views,C#m,112.98,7
unlEASHed,Mohammed Rafis Classic Romantic Song - An Evening in Paris,D#m,117.45,4
unlEASHed,Ridin Solo Lyrics By Jason Derulo,A,90,8
unlEASHed,Down In The DM,F#m,152.99,6
unlEASHed,Disco Deewane (HQ) (very rare) (early 80s),A#m,113.94,4
unlEASHed,Stitches Lyrics â™¥,A#m,150,7
unlEASHed,Chaiyya Chaiyya,Am,89.9,6
unlEASHed,Im With You (Video),A,152,5
unlEASHed,E.T. (Official) ft. Kanye West,Fm,150.04,6
unlEASHed,"DJ Khaled â€“ No Brainer  ft. Justin Bieber, Chance the Rapper, Quavo",Am,102,7
unlEASHed,Kajra Re Song | Bunty Aur Babli | Amitabh Bachchan | Abhishek Bachchan |  Aishwarya Rai,F#,119.8,6
unlEASHed,Papa Kehte Hain Bada Naam Karega [Full HD Song] | Qayamat Se Qayamat Tak | Aamir Khan,C,91.15,4
unlEASHed,Bruno Mars   Thats What I Like  Official Video Lyrics,A#m,134,7
unlEASHed,Bank Account,C#m,150,5
unlEASHed,What The Hell,A,150,7
unlEASHed,I Dont Mind (Audio),E,113,4
unlEASHed,I Wanna Love You Forever (Video),Em,104,4
unlEASHed,Full Song | Band Baaja Baaraat | Ranveer Singh | Anushka Sharma | Benny Dayal | Himani,Gm,100,6
unlEASHed,Timeflies - Once In A While (Instrumental),Dm,105,6
unlEASHed,Fevicol Se Full Video Song Dabangg 2 (Official) â˜… Kareena Kapoor â˜… Salman Khan,F#m,93.75,7
unlEASHed,Tu Tu Hai Wahi,Em,119.98,5
unlEASHed,Booty Me Down (feat. K-Stylis) (mp3goo.com),G#m,150.01,8
unlEASHed,Wild Ones [Lyrics],Fm,127,7
unlEASHed,Radar,Em,128,6
unlEASHed,Bugatti (Explicit),C#,131,7
unlEASHed,Single (Live Performance),Dm,84,7
unlEASHed,Agiya Gasolina,Fm,96.01,7
unlEASHed,Shape-Of-You-Ed-Sheeran-Acoustic-Instrumental,F#m,96,4
unlEASHed,Abhi Toh Party Shuru Hui Hai FULL VIDEO Song | Khoobsurat | Badshah | Aastha,D#m,135.42,8
unlEASHed,Full Video | Baar Baar Dekho | Sidharth Malhotra & Katrina Kaif | Armaan,F#,128,6
unlEASHed,Complicated,F,155.97,7
unlEASHed,I Mean It (Dropwizz Remix),Gm,140,7
unlEASHed,Bollywood DJ Non-Stop Remix 2012 Part-2 (Exclusively on T-Series Popchartbusters),Dm,130,7
unlEASHed,Ã‰chame La Culpa,C,96,7
unlEASHed,I Cry,Em,126,8
unlEASHed,Dilwale | Shah Rukh Khan | Kajol | Varun | Kriti | Official New Song Video 2015,C#,138,8
unlEASHed,Chura liya hai-YAADON KI BARAT,Fm/A#m,110.58,4
unlEASHed,Attention,F#,100,6
unlEASHed,Ruk jana nahi tu kahin haar ke (Kishore Kumar),C#m,127.72,3
unlEASHed,Get Low - Lyrics,Cm,101,6
unlEASHed,J. Dash,Bm,112,8
unlEASHed,Its the Time to Disco Video | Shahrukh Khan,Cm,137.5,6
unlEASHed,Into You  HD,A,109.19,7
unlEASHed,Mesmerize ft. Ashanti,Fm,89.9,6
unlEASHed,Win [LYRICS],Bm,126,6
unlEASHed,Baarish | Half Girlfriend | Arjun K & Shraddha K | Ash King & Shashaa Tirupati | Tanishk Bagchi,C,88.01,4
unlEASHed,Don Omar-Danza Kuduro Lyrics,C,130.02,8
unlEASHed,Side To Side ,F#m,79.5,7
unlEASHed,Oh Oh Jane Jaana Salman Khan Full Song | Pyaar Kiya Toh Darna Kya,Fm,110.7,4
unlEASHed,Where Are Ãœ Now (with Justin Bieber),G,140,7
unlEASHed,Secrets (Instant Party! Remix),Em,140,8
unlEASHed,Mercy,Gm,130.01,7
unlEASHed,Big Girls Dont Cry (Personal) (Extended Version),G,113.16,5
unlEASHed,Youngblood,Gm,90,8
unlEASHed,"Rick Ross Ft Kanye West - Live Fast, Die Young Produced by Kanye West",C#m,85,6
unlEASHed,Jimmy Jimmy Ajaa Ajaa | Disco Dancer | Mithun Chakraborty | Kim | Bollywood Hit Songs,F,129.2,4
unlEASHed,Prada : Jass Manak (Official Video) Satti Dhillon | Latest Punjabi Song 2018 | GK.DIGITAL | Geet MP3,Em,156,5
unlEASHed,Moses,Em,144,5
unlEASHed,No Handz (CRNKN Remix),C#m,150,6
unlEASHed,Nothin On You (feat. Bruno Mars),Gm,104,6
unlEASHed,Desiigner- Panda (OFFICIAL SONG) Prod. By: Menace,D#m,145.15,6
unlEASHed,TiK ToK,Dm,119.93,7
unlEASHed,"Nachange Saari Raat Full Video Song | JUNOONIYAT | Pulkit Samrat,Yami Gautam| T-Series",C#m,131,7
unlEASHed,"Love Mera Hit Hit Film Billu | Shahrukh Khan, Deepika Padukone",D#m,108.34,6
unlEASHed,Roses (Audio) ft. ROZES,E,100,7
unlEASHed,Rihanna - Rude Boy (320  kbps),D#m,87,7
unlEASHed,The Game Feat. 50 Cent // HD,G#m,100.02,6
unlEASHed,down with the sickness,Fm/D#,89.96,7
unlEASHed,Mask Off,Dm,149.98,5
unlEASHed,Sledgehammer,G,100,7
unlEASHed,We Dem Boyz,G#m,130,8
unlEASHed,Ray-J-Ft.-Yung-Berg-Sexy-Can-I-Instrumental-Prod.-By-Detail,A#m,86,6
unlEASHed,Caked Up - Pop That Thang (320  kbps),Gm,100,8
unlEASHed,"The Chainsmokers, Coldplay â€“ Something Just Like This  ï_µ",Bm,103,7
unlEASHed,Oops!...I Did It Again,C#m,94.96,6
unlEASHed,Trophies,Cm,142.59,6
unlEASHed,Kuch Nahi | #ZeeMusicOriginals | Sonal Chauhan | Jyotica Tangri | Ajay Jaiswal,Cm,100,5
unlEASHed,"Body On Me ft. Ashanti, Akon",Gm,90,7
unlEASHed,Stuck On a Feeling (Official Video) ft. Snoop Dogg,Cm,100,6
unlEASHed,"Aakalesthe Song - Chiranjeevi, Karishma Kotak",Cm,132,6
unlEASHed,Bom Diggy Diggy  (VIDEO) | Zack Knight | Jasmin Walia | Sonu Ke Titu Ki Sweety,Em,104,6
unlEASHed,One Dance  TBS MusicÂ®,D#m/A#m,104,7
unlEASHed,Abhijeet Bhattacharya | Tribute Songs,F,112.05,3
unlEASHed,Lil Pump Boss (Official Audio),C,120,5
unlEASHed,Over-Drake (Lyrics On Screen),Em,152,7
unlEASHed,Sound of Da Police (TWERK Mashup),Am,102.03,7
unlEASHed,Pour It Up ,F#m,134,7
unlEASHed,Domino,G/Am,127,8
unlEASHed,Bap U,D#m,100,8
unlEASHed,Title Song - Vinod Khanna - Rishi Kapoor - Amitabh Bachchan - Old Hindi Songs,Fm,93.7,4
unlEASHed,TY$- Paranoid ,Am,97.51,6
unlEASHed,oui,Dm,120,5
unlEASHed,Salman Khan & Madhuri Dixit - Hum Aapke Hain Koun,F,130.46,4
unlEASHed,Song: Aaj Kal Tere Mere Pyar Ke Charche Movie: Brahmachari (1968) with Sinhala Subtitles,A,102.61,4
unlEASHed,"Balam Pichkari Full Song Video Yeh Jawaani Hai Deewani | Ranbir Kapoor, Deepika Padukone",D#m,125.01,7
unlEASHed,Grenade,Dm,110.51,5
unlEASHed,Promiscuous ft. Timbaland,D#m,114.3,7
unlEASHed,Nice For What Lyrics,Fm,93.43,7
unlEASHed,"Loyal (Feat. Lil Wayne, French Montana) (Instrumental)",D#m,99,5
unlEASHed,"Heyy Babyy Title Song Feat. Akshay Kumar, Fardeen Khan, Riteish Deshmukh",F#m,110,6
unlEASHed,Deewangi Deewangi,A#,112.5,7
unlEASHed,Sweet Dreams,D#m,122,7
unlEASHed,Royals (US Version),D,85,5
unlEASHed,Dont Stop The Party,F#m,127,7
unlEASHed,One Kiss,Am,124,7
unlEASHed,Roses Instrumental-Beat (King Loui),E,100,6
unlEASHed,Full Song | Dhoom | Esha Deol | Uday Chopra | Sunidhi Chauhan,Fm,104.17,7
unlEASHed,Lean On (feat. MÃ˜),Gm,98,7
unlEASHed,Take Me to Church,Em,129.02,4
unlEASHed,Satisfya (Original) (Mp3Hug.Com),G#m,82,7
unlEASHed,Locked Out Of Heaven,Dm,147,7
unlEASHed,Hardy Sandhu: HORNN BLOW Video Song | Jaani | B Praak | New Song 2016 | T-Series,Cm,85,5
unlEASHed,Rock Your Body (Video),Em,100.99,6
unlEASHed,What Makes You Beautiful,E,125,8
unlEASHed,Swag Saha Nahi Jaye,Em,103,6
unlEASHed,Im A Boss (instrumental),Em,79,5
unlEASHed,Havana (Remix - Audio),Dm,105,6
unlEASHed,"Kashmir Ki Kali - Shammi Kapoor, Sharmila Tagore - Old Hindi Songs",F,109.07,4
unlEASHed,Dont,Fm,95,7
unlEASHed,Counting Stars [Lyrics],C#m,122,7
unlEASHed,"Chand Taare Tod Laoon Full Video Song | Yes Boss | Shahrukh Khan, Juhi Chawla | Abhijeet",G#,95.78,4
unlEASHed,My Way,C#m,127.76,6
unlEASHed,Guru Randhawa: Lahore (Official Video) Bhushan Kumar | DirectorGifty | T-Series,F#m,116.71,6
unlEASHed,Title Track | Shah Rukh Khan | Kajol |Rani Mukherjee,G,121.04,4
unlEASHed,"Dil Tu Hi Bataa Krrish 3 Full Video Song | Hrithik Roshan, Kangana Ranaut",Gm,110.42,6
unlEASHed,Theres Nothing Holding Me Back ,D,122.01,7
unlEASHed,"Jumme Ki Raat Full Video Song | Salman Khan, Jacqueline Fernandez | Mika Singh | Himesh Reshammiya",D#m,105.04,5
unlEASHed,Justin Bieber â€“ Despacito  ft. Luis Fonsi & Daddy Yankee [Pop],Bm,89,6
unlEASHed,Wheres the Party Tonight,Dm,132,7
unlEASHed,All Of The Lights (Explicit),Fm,142,6
unlEASHed,Let It Rock ft. Lil Wayne,Dm,112,8
unlEASHed,Just Like A Pill (Video),A,102,7
unlEASHed,Faded Love (Audio),Fm,95,6
unlEASHed,"Laila O Laila | Amit Kumar, Kanchan| Qurbani 1980 Songs | Feroz Khan, Zeenat Aman",G#m,136.15,4
unlEASHed,We Still In This Bitch Lyrics,C#m,140,8
unlEASHed,Rajesh Khanna - Mumtaz - Do Raaste - Bollywood Classic Songs {HD},G#m,140.37,4
unlEASHed,Low Life,Cm,144,6
unlEASHed,HUMBLE.,G#,150,7
unlEASHed,Full Song | Bunty Aur Babli | Amitabh Bachchan | Abhishek Bachchan | Aishwarya Rai,F#,119.79,5
unlEASHed,Beautiful Liar,Cm,92,7
unlEASHed,Makes Me Wonder,Bm,114,7
unlEASHed,Lemon,Em,95,6
unlEASHed,GotInstrumentals.com,Dm,150,6
unlEASHed,Raj Kapoor - Mera Naam Joker - Bollywood Classic Songs [HD] - Mukesh,F#m,88.41,4
unlEASHed,Sam Smith Lyric Video,F,92,4
unlEASHed,Dont Tell Em - New 2014 - [With Lyrics] - [HD],Dm,98,6
unlEASHed,White Iverson,G,130,4
unlEASHed,Say My Name,Cm,138,6
unlEASHed,Laembadgini (Full Song) | Diljit Dosanjh | Latest Punjabi Song 2016 | Speed Records,Fm,127.81,6
unlEASHed,"Grillz ft. Paul Wall, Ali & Gipp",F#m,83,5
unlEASHed,Stir Fry,Am,91,5
unlEASHed,GotInstrumentals.com,Gm,136,7
unlEASHed,"Helen, Lata Mangeshkar, Intaquam Song",D#m,135.24,3
unlEASHed,Roar by Katy Perry Lyrics,Gm/A#,90,6
unlEASHed,zubi  zubi,Fm,120,5
unlEASHed,Flo Rida-Right round with lyrics (SONG REALLY IS NOT BLOCK BY COPYRIGHT!!!),Am,125,8
unlEASHed,Fallin,Em,96.09,5
unlEASHed,T-shirt ,D#m,139,6
unlEASHed,Wide Awake,F,124.31,6
unlEASHed,X,C#m/Gm,131,8
unlEASHed,Pitbull-Ft.-John-Ryan-Fireball-Instrumental-Prod.-By-Ricky-Reed-Axident-John-Ryan-Joe-London,Fm,123,7
unlEASHed,French Montana â€’ Unforgettable  ï__ ft. Swae Lee,G#m,98,7
unlEASHed,"Aradhana - Sharmila Tagore, Rajesh Khanna - Super Hit Romantic Song",D#m,82.6,4
unlEASHed,Eminem My Name Is Lyrics Dirty Version,Gm,85.23,6
unlEASHed,Trey Songz - Say Aah (Video),G#m/C#m,93,7
unlEASHed,Anaconda [Lyrics],C#m,130.01,8
unlEASHed,The Anthem (Video),C#,88.87,7
unlEASHed,DJ Harshal Mashup,D#m,106,7
unlEASHed,Full Video | Baar Baar Dekho | Sidharth Malhotra & Katrina Kaif | Jasleen Royal,D,126,7
unlEASHed,By Junaid Asghar,Cm,105,6
unlEASHed,"Full Video | Half Girlfriend| Arjun K,Shraddha K | Arijit Singh| Mithoon",A#m,99.05,3
unlEASHed,Jordan Belfort (feat. Dyl) [prod. by Wes Walker] !Â¡FULL OFFICIAL AUDIOÂ¡!,Em,80,6
unlEASHed,Loud (Feat. Benny Banks),Fm,140,7
unlEASHed,Its the Time to Disco,A/F#m,132,8
unlEASHed,Cut It (feat. Young Dolph),F#m,130,6
unlEASHed,Dilemma ft. Kelly Rowland,C,116.62,6
unlEASHed,HUMBLE.,G#,150,6
unlEASHed,Mask Off,Dm,149.98,5
unlEASHed,GDFR ( Official Lyrics),Gm,146,8
unlEASHed,"Humpty Sharma Ki Dulhania | Varun Dhawan and Alia Bhatt - Arijit Singh, Shreya Ghoshal",E,107.01,6
unlEASHed,24 Hours,C#m,100,5
unlEASHed,Aradhana - Rajesh Khanna & Sharmila Tagore - Superhit Song,F#m,121.97,4
unlEASHed,DJ Got Us Falling In Love Again Lyrics HD,G#m,123.3,7
unlEASHed,Foolish,C,114.37,4
unlEASHed,"Like A G6 ft. The Cataracs, DEV",A#,125.13,8
unlEASHed,"Laga Laga Re (Full Song) | Maine Pyaar Kyun Kiya | Salmaan Khan, Sushmita Sen",D#m,113.99,5
unlEASHed,Lakhon Hain Yahan Dilwale,G#,97.3,4
unlEASHed,Closer ,D#/G#,95,6
unlEASHed,Thrift Shop Lyrics by Macklemore & Ryan Lewis ft. Wanz,G#m,95,7
unlEASHed,Black Eyed Peas ,Dm,130.14,6
unlEASHed,"1, 2 Step ft. Missy Elliott",Gm,112.99,5
unlEASHed,International Love,Cm,120,7
unlEASHed,Gym Class Heroes: Stereo Hearts ft. Adam Levine [OFFICIAL VIDEO],A,120,7
unlEASHed,I Lived,A,129.29,7
unlEASHed,Demi Lovato â€“ Sorry Not Sorry  ï_µ,Bm,144,8
unlEASHed,Lean On (feat. MÃ˜),Gm,98,7
unlEASHed,Loyal (Explicit),F#,99,6
unlEASHed,This Is What You Came For,Am,124,8
unlEASHed,50 cent-In da club-dirty,C#m,89.89,5
unlEASHed,Bye Bye Bye,G#m,86.29,6
unlEASHed,MotorSport,Dm,138,4
unlEASHed,Ready To Go ft. Lil Wayne,Dm,86,8
unlEASHed,Happier,F,100,6
unlEASHed,Gotinstrumentals.com,Fm,113,4
unlEASHed,Faded,F#,90,6
unlEASHed,Song: Tum Bin Jaun Kaha Film: Pyar Ka Mausam (1969) with Sinhala Subtitles,Fm,112.35,2
unlEASHed,Aarons Party (Come Get It) (The Video),G#,117.01,7
unlEASHed,Swalla,D#m,98,7
unlEASHed,Right above it Lyrics (HD),Em,156.56,8
unlEASHed,Fergalicious,A#m,129.01,6
unlEASHed,MAAD City x Taal,Cm,87.52,7
unlEASHed,Table No.21 ft. Rajeev Khandelwal & Tina Desai,C#m,96,6
unlEASHed,Dhama Chaukdi songs - Sunidhi Chauhan - Sanjay Mishra - Mukesh Tiwari,Gm,129.99,6
unlEASHed,Uptown Funk (feat. Bruno Mars) - Lyrics,Dm,115,8
unlEASHed,Let Her Go ,G,123.65,4
unlEASHed,Zion y Lennox - Pierdo La Cabeza,Dm,93,7
unlEASHed,DEEWANGI DEEWANGI,A,108,7
unlEASHed,"Lyrics On Screen - A$AP Ferg, A$ASP Rocky, French Montana, Trinidad James, Schoolboy Q",All,130,6
unlEASHed,Boyfriend,A#m,97,6
unlEASHed,Its going down,D#m,83.99,6
unlEASHed,Castle on the Hill,D,135,6
unlEASHed,"Allah Maaf Kare Full Song Desi Boyz Feat. Akshay Kumar, Chitrangada Singh",F#,140,7
unlEASHed,Cheap Thrills Ft. Sean Paul [Lyrics],F#m,90,7
unlEASHed,23 (Explicit),Dm,140,7
unlEASHed,Ludacris & Nicki Minaj (Lyrics on Screen),Cm,85,6
unlEASHed,Suit Full Video Song | Guru Randhawa Feat. Arjun | T-Series,Dm,91.94,6
unlEASHed,Everytime,D#,109.93,3
unlEASHed,Im Like A Bird,A#,89.63,5
unlEASHed,FINGER TRVP,Fm,140,8
unlEASHed,Full VIDEO Song | Sridevi | Kavita Krishnamurthy,D,130.73,4
unlEASHed,Cant Feel My Face,Am,108,6
unlEASHed,Saree Ke Fall Sa Song ft. Shahid Kapoor & Sonakshi Sinha | R... Rajkumar | Pritam,Dm,124,7
unlEASHed,Ni**as In Paris,Fm,140,7
unlEASHed,Work from Home,G#,105,5
unlEASHed,Turn Up the Music,Fm,130.02,8
unlEASHed,Latest Punjabi Song,Fm,92,6
unlEASHed,Blow,Bm,120,7
unlEASHed,Blow Me (One Last Kiss),Em,114,8
unlEASHed,God is a woman,D#m,145,6
unlEASHed,Destiny Child-Independent Women (Instrumental)_bFvBpEXMblk_youtube,F#m,98.03,6
unlEASHed,Lovely Shop,Em,105,8
unlEASHed,Whatever You Like,Dm,150,6
unlEASHed,Ek Do Teen | Tezaab (1988) | Madhuri Dixit | Alka Yagnik | Bollywood Dance Songs,A,121.57,4
unlEASHed,Riptide (Lyric Video),C#,99.72,5
unlEASHed,Lady Marmalade,Gm,109.91,6
unlEASHed,No Limit REMIX,D#m,88,6
unlEASHed,Break Stuff,D#,110.31,5
unlEASHed,"Gabbar Singh Songs | Kevvu Keka Video Song | Pawan Kalyan, Sruthi Hassan | Sri Balaji Video",Dm/Gm,84.92,7
unlEASHed,"Hawa Hawa (Full Video Song) | Mubarakan | Anil Kapoor, Arjun Kapoor, Ileana Dâ€™Cruz, Athiya Shetty",Am,138,8
unlEASHed,Congratulations ft. Quavo,F#,123,5
unlEASHed,I Turn To You,D#m,129.01,5
unlEASHed,"Race 2 - Saif, Jacqueline, Benny Dayal, Shalmali",A#m,131.99,7
unlEASHed,All You (feat. Waka Flocka & Kaskade),Gm,128.01,6
unlEASHed,Bounce Back ,C#m,81.5,6
unlEASHed,Price Tag ft. B.o.B,Dm,87.5,7
unlEASHed,"Give Me Everything ft. Ne-Yo, Afrojack, Nayer",Cm,129,7
unlEASHed,iSpy (feat. Lil Yachty),Dm,150,7
unlEASHed,Cold Water (feat. Justin Bieber & MÃ˜),A,93,7
unlEASHed,"Me, Myself & I",Cm,111.95,5
unlEASHed,XO TOUR Llif3,Bm,155,7
unlEASHed,Hookah Bar (Video Song) | Khiladi 786 | Akshay Kumar & Asin,C#m,131.11,7
unlEASHed,Bedrock Lyrics,Cm,147.97,6
unlEASHed,"Sadi Gali Full Song Tanu Weds Manu | Ft. Kangna Ranaut, R Madhavan",Fm,130,7
unlEASHed,The Edge Of Glory,A,128,7
unlEASHed,I Like It ,Fm,136,7
unlEASHed,1-800-273-8255 ft. Alessia Cara & Khalid,Fm,100,5
unlEASHed,Just Chill Full HD Video Song | Maine Pyaar Kyun Kiya | Salmaan Khan | Katreena Kaif,A,131.01,7
unlEASHed,Full Song ,Dm,92.79,5
unlEASHed,T-Pain ft Joe Galaxy- Booty Work (One Cheek At A Time),Fm,79.46,7
unlEASHed,Throw Sum Mo (Audio),G#m,142,7
unlEASHed,Tu Meri Full Video | BANG BANG! | Hrithik Roshan & Katrina Kaif | Vishal Shekhar | Dance Party Song,F#m,133.33,7
unlEASHed,Run It! (Featuring Juelz Santana),C#m,101,6
unlEASHed,Jenny from the Block,G#m,100.36,7
unlEASHed,Big Bank (Audio),Em,102,5
unlEASHed,24K Magic,Fm,107,7
unlEASHed,Kites (2010)  HD  1080p  BluRay  Music Videos - YouTube.flv,F#,126,4
unlEASHed,Sugar (feat. Francesco Yates),A#m,123,7
unlEASHed,Believe it (Feat. Rick Ross) [HD],Dm,144,8
unlEASHed,Iâ€™m The Best,D,82,8
unlEASHed,Whole Again,E,94,6
unlEASHed,Lyrics Video | Girik Aman feat Badshah,Dm,128,8
unlEASHed,Born To Be Wild,Em,146,7
unlEASHed,STARGAZING (Audio),Gm,150,5
unlEASHed,Schoolboy Q ft. BJ The Chicago Kid â€“ Studio (Instrumental),D#m,134,4
unlEASHed,Swag Se Swagat (Tiger Zinda Hai) - 320Kbps(Mp3Fun.IN),Cm,106,7
unlEASHed,16 (Clean),C#m,138,7
unlEASHed,Lyrical: Ruk Ja O Dil Deewane Song with Lyrics | Dilwale Dulhania Le Jayenge | Anand Bakshi,A#,110.52,5
unlEASHed,Rangeela Re (Urmila Version) | Rangeela | Urmila & Aamir Khan,G#m/G#,117.7,5
unlEASHed,Love Me Harder,C#m,99,6
unlEASHed,Me estas tentando with lyrics/letras,Am,116,7
unlEASHed,Mirrors,Cm,154.03,4
unlEASHed,Iyaz,A,91,6
unlEASHed,"Afghan Jalebi (Ya Baba) FULL VIDEO Song | Phantom | Saif Ali Khan, Katrina Kaif | T-Series",Dm,117.99,7
unlEASHed,Karaoke - Off vocal,D#m,85,7
unlEASHed,Full Song | Bunty Aur Babli | Amitabh Bachchan | Abhishek Bachchan | Aishwarya Rai,F#,119.79,5
unlEASHed,Qurbani,Fm,150.59,5
unlEASHed,Ghost,A,105,6
unlEASHed,Bottoms Up - Trey Songz  (1),Fm,148,7
unlEASHed,Exs & Ohs ,Em,140,7
unlEASHed,Butterfly Effect - Lyrics,B,141,6
unlEASHed,The Sweet Escape ft. Akon,C#,120,7
unlEASHed,Pinga Full Video Song | Bajirao Mastani,Em,95.01,4
unlEASHed,Kimi Katkar - Tarzan - Bollywood Songs - Bappi Lahiri - Alisha,A#,112.31,4
unlEASHed,meek millz -Ima Boss,Em,78.99,6
unlEASHed,Lyrical: Challa Full Song with Lyrics | Jab Tak Hai Jaan | Shah Rukh Khan | Gulzar,Am,118,7
unlEASHed,Mandakini - Rajiv Kapoor - Ram Teri Ganga Maili - Bollywood Songs,G#m,137.46,4
unlEASHed,Watch Me (Whip/Nae Nae) #WatchMeDanceOn | Jayden Rodrigues,Fm,140,7
unlEASHed,Start A Party,Am,132,8
unlEASHed,Do It Like A Dude (Explicit),Dm,140,7
unlEASHed,Pon de Replay (Internet Version),F#m,99,7
unlEASHed,Antidote,D#m,131.28,5
unlEASHed,"Aaoge Jab Tum Full Song | Jab We Met | Kareena  Kapoor, Shahid Kapoor",G,125,4
unlEASHed,HD,Gm,130.13,4
unlEASHed,ZERO HOUR MASHUP 2012 FULL VIDEO SONG || Best Of Bollywood,D#m,130,7
unlEASHed,Show Me (Audio),G,98,7
unlEASHed,Nicki Minaj-Super Bass 2011(NEW),B,127,7
unlEASHed,DUS BAHANE,Am,109.99,7
unlEASHed,Your Body (Clean Version),G#m,103,7
unlEASHed,Behind These Hazel Eyes (VIDEO),A,90,7
unlEASHed,No Limit (Audio),D#m,88,6
unlEASHed,"PREM RATAN DHAN PAYO Title Song (Full VIDEO) | Salman Khan, Sonam Kapoor | Palak Muchhal T-Series",F#m,96.9,5
unlEASHed,Cake By The Ocean,Em,119,7
unlEASHed,Radioactive-Imagine Dragons ,A,136.59,5
unlEASHed,Wobble Baby Lyrics,Fm,95,6
unlEASHed,The Hills,Cm,113,5
unlEASHed,Girlfriend,D/Bm,82,8
unlEASHed,Dlow Bet You Cant Do It Like Me Challenge  Lyrics,Cm,150.02,4
unlEASHed,How You Remind Me,Cm,85.94,5
unlEASHed,Bartier Cardi (feat. 21 Savage),Em,138,7
unlEASHed,gotinstrumentals.com,Cm,137.01,4
unlEASHed,Main Chick (Lyric),G,95,8
unlEASHed,Tum Aa Gaye Ho [Full Song] Teri Raahon Mein- Evergreen Melodies,Fm,108.05,4
unlEASHed,Cant Remember To Forget you (Official lyrics) HD,Bm,138,7
unlEASHed,Rakshak,Fm,104.19,4
unlEASHed,Gasolina,Fm,96,5
unlEASHed,Lil Uzi Vert-Xo Tour Lif3 | Lyrics,Bm,155,7
unlEASHed,What You Want,Bm,122,7
unlEASHed,Machika,Em,79.5,7
unlEASHed,"DILBAR Lyrical | Satyameva Jayate |John Abraham, Nora Fatehi,Tanishk B, Neha Kakkar,Dhvani, Ikka",Am,104,6
unlEASHed,Kati Patang - Rajesh Khanna & Asha Parekh - Old Hindi Song,G,121.29,3
unlEASHed,Drop It Like Its Hot by Snoop Dogg ft. Pharrell | Interscope,G#,91.99,6
unlEASHed,Childish Gambino Bonfire (Lyrical Video),Cm,81,6
unlEASHed,Really Really,Em,118.95,8
unlEASHed,Nishana **Official Music Video**,D#m,90,7
unlEASHed,Stronger (What Doesnt Kill You),Am,116,7
unlEASHed,Fireflies,D#,90,5
unlEASHed,"Migos, Nicki Minaj & Cardi B  MotorSport Lyrics",Dm,138,4
unlEASHed,Say You Wont Let Go,A#,118.75,5
unlEASHed,shots  LMFAO lyrics,Cm,128,8
unlEASHed,Jism 2 Yeh Kasoor Official Video Full Song HD  YouTube,Dm,105.28,3
unlEASHed,"Sunny Sunny Yaariyan Lyric Video | Ft.Yo Yo Honey Singh | Himansh Kohli, Rakul Preet",A,130,7
unlEASHed,Subha Hone Na De Full Song | Desi Boyz | Akshay Kumar | John Abraham | Pritam,G#,132,7
unlEASHed,Bang Bang,Em,120,7
unlEASHed,THRIFT SHOP FEAT. WANZ,G#m,95,7
unlEASHed,Praise The Lord (Da Shine),Cm,80,6
unlEASHed,Video Song | Dil Ka Rishta | Aishwarya Rai & Arjun Rampal | Alka Yagnik,C#m,117.18,7
unlEASHed,Boond Boond Lyrical Video | Hate Story IV | Urvashi Rautela | Vivan B | Arko | Jubin N | Neeti Mohan,Am,115.05,4
unlEASHed,I feel it coming ft. Daft Punk  ï_µ,Cm,93,6
unlEASHed,Hymn For The Weekend ,Cm,90,6
unlEASHed,Doses and Mimosas,F,114.5,6
unlEASHed,Bubblegum,F#m,109,7
unlEASHed,Rich Girl ft. Eve,Cm,98.01,6
unlEASHed,Fun.: We Are Young ft. Janelle MonÃ¡e [OFFICIAL VIDEO],Dm,115.96,4
unlEASHed,Hookah Bar Song Khiladi 786 | Akshay Kumar & Asin,E,131.11,7
unlEASHed,3 Peg Sharry Mann (Full Video) | Mista Baaz | Parmish Verma | Latest Punjabi Songs 2016 | T-Series,Cm,83.99,7
unlEASHed,Shiv | Bhushan Kumar,Fm,116.73,5
unlEASHed,Sada Swimsuit Hot Song,D,114.88,5
unlEASHed,Flames HD,Fm,156.01,6
unlEASHed,7/11 Lyrics,Am,136,7
unlEASHed,Phone [Official Video] 4K,Fm,92,7
unlEASHed,Or Nah,B,122,5
unlEASHed,A Womans Worth (Video),Em,149.85,6
unlEASHed,Closer,Em,126,7
unlEASHed,Temperature,A#m,125,7
unlEASHed,Redbone (Instrumental),Gm,80,4
unlEASHed,con letra)   (Descarga - Download),Bm,89,7
unlEASHed,"Urvashi Urvashi Full Video Song | Hum Se Hai Muqabala | Prabhu Deva, Nagma | A.R.Rahman",C#m,98.92,4
unlEASHed,Canâ€™t Feel My Face (Audio),Am,108,6
unlEASHed,Stronger (AC3 Stereo),G#m,108.05,6
unlEASHed,Sexy and I Know It,Gm,130,7
unlEASHed,No Limit Feat_ ASAP Rocky _ Cardi B _Lyrics_,D#m,88,6
unlEASHed,Most Girls (Video Version),Dm,97.93,6
unlEASHed,"6ix9ine, Anuel Aa",C,127.5,6
unlEASHed,Who Do You Love,Am,96.5,4
unlEASHed,Kya Love Story Hai,F#m,107.02,7
unlEASHed,Stressed Out by twenty one pilots lyrics,Am,85,6
unlEASHed,Thinking Out Loud,D,158,6
unlEASHed,Travis Porter,Fm,96,6
unlEASHed,Birthday Sex-Jeremiah with lyrics,Gm,120,4
unlEASHed,Kiss Kiss,D#m,140,7
unlEASHed,All About That Bass,A,134,7
unlEASHed,Nonstop,F#m,155,5
unlEASHed,Wake Me Up ,D/Bm,124,6
unlEASHed,replay lyrics- IYAZ,A,91,6
unlEASHed,Maine Pyaar Kyun Kiya,A,136,6
unlEASHed,Womanizer (Directors Cut),C#m,139,8
unlEASHed,TheUnder - Fire,Fm,85,7
unlEASHed,"Race 2 I Saif, Deepika Padukone, John Abraham, Jacqueline, Anil Kapoor & Ameesha",Bm,122.13,7
unlEASHed,Firework,G#,124.02,7
unlEASHed,Hotline Bling (Lyric) (Lirik Lagu),Dm,135,5
unlEASHed,Hotline Bling,Dm,135.01,6
unlEASHed,Love Yourself Lyrics,E,100.01,3
unlEASHed,Stay  ï__,Fm,102,7
unlEASHed,Teach Me How To Dougie (Official Video),Dm,85,5
unlEASHed,I woke up in a new Bugatti lyrics,C#,131,7
unlEASHed,Hips Dont Lie,A#m,100,6
unlEASHed,PillowTalk ,B,125,6
unlEASHed,This Love,Cm,95.05,7
unlEASHed,Best Of You (VIDEO),E,125.97,6
unlEASHed,Ganpat (Full Song) | Shoot Out At Lokhandwala,Fm,104.17,7
unlEASHed,Aaj Kal Tere Mere Pyar Ke ( brahmachari ),A#,102.37,4
unlEASHed,Jhak Maar Ke Full Song Desi Boyz | Deepika Padukone | John Abraham,D#,95,6
unlEASHed,Can t Hold Us Lyrics Macklemore and Ryan Lewis Low),Em,146,7
unlEASHed,See You Again ft. Charlie Puth [Official Video] Furious 7 Soundtrack,A#,80,6
unlEASHed,House Party ( Lyrics Video ),D#m,80.56,6
unlEASHed,"DJ Video Song | Hey Bro | Sunidhi Chauhan, Feat. Ali Zafar | Ganesh Acharya | T-Series",F#m,128,8
unlEASHed,Mo Bounce,Fm,106,8
unlEASHed,Not Afraid,D#,172,5
unlEASHed,"Party Rock Anthem ft. Lauren Bennett, GoonRock",Fm,120.14,6
unlEASHed,"Locha E Ulfat FULL Video Song | 2 States | Arjun Kapoor, Alia Bhatt",A#m,111.45,7
unlEASHed,Welcome to Atlanta Instrumental_N0qZMhOHd10_youtube,D#m,96,5
unlEASHed,Imagine Dragons,Cm,90,5
unlEASHed,SENORITA-FULL SONG-ZINDAGI NA MILEGI DOBARA(FULL HD),A,134.05,4
unlEASHed,"Badri Ki Dulhania (Title Track) Varun, Alia, Tanishk, Neha, Monali, Ikka | Badrinath Ki Dulhania",Dm,128,7
unlEASHed,Ass Drop (2Scratch Remix),Fm,100,7
unlEASHed,Lucky (AC3 Stereo),C#,95.05,6
unlEASHed,Jason Derulo with lyrics!!!_),C#m,152.99,8
unlEASHed,My Heart Is Broken,D#m,96.5,7
unlEASHed,Hey Baby,Em,93.62,8
unlEASHed,"Say Shava Shava Video | Amitabh Bachchan, Shah Rukh Khan",A#m,102.87,5
unlEASHed,Four Seasons (Instrumental) (RaagMedia.Com),Fm,103,5
unlEASHed,"DHOOM= SHIKDUM (Orignal, Uncut n Enhanced from PRINCE12KA4)",Am,92,6
unlEASHed,The Tapori Mashup Full Song | Best Bollywood Mashup | T-Series |,Dm,116.25,7
unlEASHed,Crazy In Love ft. JAY Z,Gm,99.27,7
unlEASHed,Treasure,Cm,116,7
unlEASHed,"Lyrics ! (ft Ludacris, Snoop Dogg, Rick Ross & T-Pain)",Dm,150,8
unlEASHed,Pray For Me (Audio),Em,100.5,6
unlEASHed,All Summer Long,G,103.1,7
unlEASHed,Student Of The Year - The Official Song,A#m,124.95,7
unlEASHed,"The Humma Song â€“ OK Jaanu | Shraddha Kapoor | Aditya Roy Kapur | A.R. Rahman, Badshah, Tanishk",A#,98.01,7
unlEASHed,China Gate,F#m,92.77,7
unlEASHed,Toxic,Cm,143,7
unlEASHed,EK PYAR KA NAGMA HAI BY MELODIA SENIOR CHOIR DUBAI 2016,D,84,5
unlEASHed,Everybodys Fool,Dm,95.1,6
unlEASHed,Chris Brown (Lyrics!),D,130,8
unlEASHed,Closer ,D#/G#,95,6
unlEASHed,Gulabi Aankhen Jo Teri Dekhi (Original Version) Mohammed Rafi | The Train 1970 Songs | Rajesh Khanna,Am,109.66,4
unlEASHed,Pal Pal Dil Ke Paas Tum Rehti Ho - Kishore Kumar,G,128.04,4
unlEASHed,Treat You Better -Lyrics-,C#,82.99,7
unlEASHed,Right above it lyrics,F#,152,8
unlEASHed,DID IT ON EM -Pink Friday- lyrics,Bm,156,6
unlEASHed,Jai Ho (You Are My Destiny),G#m,136.21,7
unlEASHed,We Belong Together,C,140,6
unlEASHed,Faith,B,121.91,5
unlEASHed,Better Now,A#,145,6
unlEASHed,AYE MERE HUMSAFAR IK ZARA INTZAR,Gm,103.27,5
unlEASHed,Dil Diyan Gallan Song | Tiger Zinda Hai | Salman Khan | Katrina Kaif | Atif Aslam,D,105,5
unlEASHed,23 (Official Lyrics),Dm,140,7
unlEASHed,Jab We Met (2007) 720p HD,Fm,118,4
unlEASHed,Drake   One Dance,D#m/A#m,104,7
unlEASHed,Full Title Song | Madhuri Dixit | Sunidhi Chauhan,D#m,120,6
unlEASHed,"Allu Arjun, Upendra, Sneha",Gm,102.09,5
unlEASHed,Survivor (Official Video) ft. Da Brat,G#m,80.6,7
unlEASHed,Cool,D,95.06,6
unlEASHed,"Cham Cham Full Video | BAAGHI | Tiger Shroff, Shraddha Kapoor| Meet Bros, Monali Thakur| Sabbir Khan",F,120,6
unlEASHed,"New Flame (Feat. Usher, Rick Ross) (Instrumental)",C#,142,5
unlEASHed,Cant Hold Us (feat. Ray Dalton),Em,146,7
unlEASHed,The Weeknd ,Am,93,7
unlEASHed,Work (Explicit),B,115.03,4
unlEASHed,Bad and Boujee Lyrics,D#m,127,6
unlEASHed,Beautiful People ft. Benny Benassi,D#,176,7
unlEASHed,M.I.L.F. $,Am/Fm,80.51,8
unlEASHed,Last Friday Night (T.G.I.F.),D#m,125.94,7
unlEASHed,Bartender Song (Sittin At A Bar),E,152,5
unlEASHed,4th Dimension,Dm,86,6
unlEASHed,Guru Randhawa: MADE IN INDIA | Bhushan Kumar | DirectorGifty | Elnaaz Norouzi | Vee,Bm,114.29,6
unlEASHed,mera dil bhi kitna,G#,101.79,4
unlEASHed,Baha men-Who let the dogs out (official),Cm,129.15,6
unlEASHed,Zack Knight x Jasmin Walia - Bom Diggy (Official Music Video),Em,104,6
unlEASHed,Cold Water (feat. Justin Bieber & MÃ˜),A,93,7
unlEASHed,Congratulations,F#,123.01,6
unlEASHed,All I Have ft. LL Cool J,Fm,82.96,6
unlEASHed,Wont Stop Rocking (Extended Mix),Gm,128,8
unlEASHed,Yellow Claw _ Cesqeaux - IBETCHU,Em,150,6
unlEASHed,Drake- Tuesday with Lyrics     -New 2014 music,Am,140,4
unlEASHed,I Wanna Love You ft. Snoop Dogg,Am,100,6
unlEASHed,Full Song | Jab Tak Hai Jaan | Shah Rukh Khan | Katrina Kaif | Shilpa Rao | Raghav,F#m,144,5
unlEASHed,Im the One,G,81,6
unlEASHed,Official Lyric Video | Karan Johar | Ranbir | Anushka | Pritam | Pardeep I Nakash,Cm,128,7
unlEASHed,"Sugar, Were Goin Down (Concept Version)",D,81,7
unlEASHed,"Touchin, Lovin (feat. Nicki Minaj)",G#m,100,7
unlEASHed,Heathens,Em,90,6
unlEASHed,Antaragini,Dm,130,7
unlEASHed,Paris (Lyric),D,99.99,6
unlEASHed,Sexy Back [Lyrics],Am,117.01,6
unlEASHed,What Makes You Beautiful Lyrics,E,125,8
unlEASHed,Full Song | Bachna Ae Haseeno | Bipasha Basu,G#m,114.99,6
unlEASHed,So Sick,F#,95.01,7
unlEASHed,Animals,Em,95,7
unlEASHed,Until You Were Gone (Audio),C#,128,8
unlEASHed,Aahun Aahun | Full Video Song | Love Aaj Kal,C#m,130.01,6
unlEASHed,She Knows (Lyric Video),G#m,140,6
unlEASHed,Closer (Lyric),G#,95,6
unlEASHed,Oh Jana    Murder   Hindi Movie 720P  HD  HoT & Romantic Video Song  ft Hasmi & Mallika,F#m,130.17,6
unlEASHed,"Sweety Tera Drama | Bareilly Ki Barfi | Kriti Sanon, Ayushmann, Rajkummar | Tanishk | Pawni , Dev",F,130,7
unlEASHed,"Second Hand Jawaani  (Song Promo) | Cocktail | Saif Ai Khan, Deepika Padukone & Diana Penty",Fm,112.03,7
unlEASHed,Run the World (Girls) (Video - Main Version),Cm,127,8
unlEASHed,SexyBack (Directors Cut) ft. Timbaland,Am,116.88,6
unlEASHed,Salaam-E-Ishq,G,119.36,7
unlEASHed,Attention instrumentalfx,D#m,100,4
unlEASHed,Main Tera Boyfriend Full Video | Raabta | Arijit Singh | Neha Kakkar | Sushant Singh Kriti Sanon,Bm,104,7
unlEASHed,Clean Bandit Lyrics,G#m,121,7
unlEASHed,Kapoor & Sons | Sidharth Malhotra | Alia Bhatt | Badshah | Amaal Mallik |Fazilpuria,F#m,122,6
unlEASHed,The Weeknd ,Am,93,7
unlEASHed,"Check On It (Video) ft. Bun B, Slim Thug",Dm,83,7
unlEASHed,El Clavo,Bm,79.87,7
unlEASHed,I Believe In You,G,121,7
unlEASHed,"Only ft. Drake, Lil Wayne, Chris Brown",G#m,113.57,4
unlEASHed,Ozuna x Manuel Turizo (Letra),G#m,94.01,7
unlEASHed,á„‡á…®á†·á„‡á…¡á„‹á…£ (BOOMBAYAH) Instrumental,Fm,124.99,7
unlEASHed,Kala Chashma | Baar Baar Dekho | Sidharth M Katrina K | Prem & Hardeep ft Badshah Neha K Indeep,Dm,105.96,7
unlEASHed,Muqaddar Ka Sikandar,Cm,109.67,4
unlEASHed,Bootylicious,D#m,103.36,7
unlEASHed,Trap Down For What,Em,103.97,6
unlEASHed,Never be like you (lyrics on screen),F,120,5
unlEASHed,"Bubble Butt (feat. Bruno Mars, 2 Chainz, Tyga & Mystic)",Am,118.94,6
unlEASHed,Do It,A#m,125,6
unlEASHed,Hey Ya! (Video),Em,123.69,5
unlEASHed,Plain Jane x Amplifier,Dm,85,6
unlEASHed,I Hate Twerk Storys,Dm/Am,132,6
unlEASHed,Saathi | Lata Mangeshkar | Vyjayanthimala & Rajendra Kumar,Am,152.3,3
unlEASHed,STARSTRUKK (Feat. Katy Perry),Dm,140,7
unlEASHed,Watch Me (Whip/Nae Nae),Fm,139.99,7
unlEASHed,(Bachna Ae Haseeno) - Full Video Song#t=22.flv,A#m,80,4
unlEASHed,Dr. Srimix,Fm,96.01,7
unlEASHed,California Gurls (Official) ft. Snoop Dogg,Dm,125.02,8
unlEASHed,So What,F#m,126,8
unlEASHed,Jackie Chan,D#m,128,7
unlEASHed,Love Me Like You Do ,G#,95,6
unlEASHed,Made In India Video,F#m,92.03,7
unlEASHed,Video Song | Soldier | Bobby Deol & Preity Zinta,Em,96.05,4
unlEASHed,Hot Nigga (Shmoney Dance) by Bobby Shmurda lyrics,C#m,84,6
unlEASHed,â€œEl Chapoâ€ù,G#m,127,6
unlEASHed,"You are My Love Full Video Song | Partner | Salman Khan, Lara Dutta, Govinda",G#m,113.37,5
unlEASHed,"A Little Party Never Killed Nobody (All We Got) ft. Q-Tip, GoonRock",Cm,130.03,8
unlEASHed,Hollaback Girl,D#m,110.01,6
unlEASHed,Welcome To The Party (Remix),Dm,86,7
unlEASHed,Aa Ab Laut Chalen | Title Song | Aishwarya Rai & Akshaye Khanna | Bollywood Romantic Songs,F#m,156.04,4
unlEASHed,Collard Greens  Ft. Kendrick Lamar,Fm,148.61,7
unlEASHed,I Took A Pill In Ibiza (Seeb Remix) (Explicit),A#,95.03,5
unlEASHed,Desiigner- Panda (OFFICIAL SONG) Prod. By: Menace,D#m,145.15,6
unlEASHed,Title Song - Lata Mangeshkar,Am,131.32,4
unlEASHed,Chak De India | Full Title Song | Shah Rukh Khan | Sukhvinder Singh | Salim | Marianne DCruz,Em,105,4
unlEASHed,The Diary of Jane,A#m,83.41,7
unlEASHed,Bleeding Love (US Version),F,103.9,5
unlEASHed,Soulja Boy-Pretty boy swag with Lyrics,D#m,123.13,3
unlEASHed,Dont Let Me Down- The Chainsmokers ft. Daya Lyrics,G#m,80,6
unlEASHed,Full Song | Dhoom | Abhishek Bachchan | Uday Chopra | Esha | Rimi | Kunal | Vasundhara,Gm,122.85,7
unlEASHed,Timber (Lyric Video),B,130,8
unlEASHed,Dont Drop That (Thun Thun) (Remix) Lyrics on screen,Dm,98,8
unlEASHed,Irreplaceable,A#,87.98,5
unlEASHed,Wild Ones,Fm,127,7
unlEASHed,Sugar,C#,119.98,7
unlEASHed,Full Title Song | Abhishek Bachchan | Bobby Deol | Preity Zinta | Lara Dutta,Dm,101.27,7
unlEASHed,6 Foot 7 Foot,Gm,84,6
unlEASHed,"Kishore Kumar, Lata, Julie Romantic Song (Duet)",Am,96.2,3
unlEASHed,"Tum Mile Pyar Se Mujhe Jeena | Kishore Kumar, Asha Bhosle | Apradh 1972 Songs | Feroz Khan, Mumtaz",F#,101.66,4
unlEASHed,DJ Khaled & T-Pain Im So Hood UNCENSORED,Am,131.52,7
unlEASHed,Whats My Name (Rihanna feat. Drake) - WapLoft.Com,F#m,100,6
unlEASHed,I Know You Want Me (Calle Ocho) OFFICIAL VIDEO (Ultra Music),Dm,127.04,7
unlEASHed,DARU DARU â€“ OFFICIAL VIDEO | DEEP JANDU FEAT DIVINE & GANGIS KHAN,Cm,100,7
unlEASHed,The Climb - Official Music Video (HQ),E,152.33,6
unlEASHed,Only Girl (In The World),Bm,126.13,7
unlEASHed,Mi SueÃ±o (DJ Timeless Remix),Em,95,7
unlEASHed,I just had sex .mp4,Em,84,8
unlEASHed,Full Song | Befikre | Ranveer Singh | Vaani Kapoor | Arijit Singh,Am,97,6
unlEASHed,Heart Attack,G#,87,6
unlEASHed,Lil Wayne ,G#m,152,5
unlEASHed,Full Song | Salaam Namaste | Saif Ali Khan | Preity Zinta | Shaan | Gayatri,Gm,94.79,5
unlEASHed,Aint It Funny (Alt Version),Dm,100.12,5
unlEASHed,POWER (Explicit),Cm,154,7
unlEASHed,Me RehÃºso,C#,105,7
unlEASHed,Work from Home ft. Ty Dolla $ign Lyrics,G#,105,5
unlEASHed,Zamane Ko Dikhana Hai.flv,F#,109.08,4
unlEASHed,Purple Lamborghini,D#m,147,8
unlEASHed,GOOD BOY M/V,D#m,95,7
unlEASHed,"You Are My Soniya | Kareena Kapoor, Hrithik Roshan",A,110.42,4
unlEASHed,Im Yours,B,151,4
unlEASHed,Applause,Gm,140,7
unlEASHed,Solo ,Bm,105,7
unlEASHed,Vansh,F#,92.37,4
unlEASHed,2 Reasons (feat. T.I.),G#m,94,8
unlEASHed,Wrecking Ball Lyrics,F,120,4
unlEASHed,"Muqabala Muqabala Full Video Song | Hum Se Hai Muqabala | Parbhu Deva, Nagma | A.R.Rahman",D#m,125.02,4
unlEASHed,dhoom again full song HQ ...,Am,100.03,5
unlEASHed,Kissing Strangers,Gm,120,7
unlEASHed,Hold It Against Me,Cm,133.11,6
unlEASHed,Talk Dirty feat. 2 Chainz,F#m,100.39,7
unlEASHed,Dont Let Me Get Me (Video),D#,98.5,6
unlEASHed,Race Gurram á´´á´° Full Video Songs | Cinema Choopistha Mava Song | Allu Arjun | Shruti Haasan | Saloni,Cm,93,5
unlEASHed,"Kishore Kumar, Vikram, Lakshmi, Julie Romantic Song",G#m,94.05,3
unlEASHed,Swalla (feat. Nicki Minaj & Ty Dolla $ign),D#m,98,7
unlEASHed,SOTY | Alia Bhatt | Sidharth Malhotra | Varun Dhawan,F,137.5,7
unlEASHed,Sage The Gemini,Cm,95,4
unlEASHed,"Look At Me Now ft. Lil Wayne, Busta Rhymes",Em,146,7
unlEASHed,DNA.,Bm,139.97,7
unlEASHed,Milkshake (Video),F#m,112.89,6
unlEASHed,Hella Good,Gm,115.12,7
unlEASHed,UFF Full Video | BANG BANG! | Hrithik Roshan & Katrina Kaif | HD,F#/D#m,147.92,7
unlEASHed,Pranna _ Jai Matt,F,115,5
unlEASHed,"Reena Roy, Asha Bhosle, Haathkadi Song",F#m,124.66,4
unlEASHed,MAROON 5 ,Em,95,8
unlEASHed,Pehla Pehla Pyar Hai | Hum Aapke Hain Koun | Salman Khan & Madhuri Dixit | Romantic Hindi Song,F#m,107.04,4
unlEASHed,What A Girl Wants,C,142.05,7
unlEASHed,Ae Dil Hai Mushkil |  Latest Official Song 2016 | Pritam | Arijit I Badshah,B,114,7
unlEASHed,"Queen: London Thumakda Full Video Song | Kangana Ranaut, Raj Kumar Rao",C#,151.97,6
unlEASHed,Sweet Sacrifice,F#m,96.98,7
unlEASHed,Diamonds,Bm,114.83,5
unlEASHed,"Mama Ek Peg La Full Video Song | Paisa Vasool Movie | Balakrishna, Puri Jagannadh, Anup Rubens",Gm,121.99,6
unlEASHed,"Official Song - Ungli - Emraan Hashmi, Shraddha Kapoor",C#m,102.93,7
unlEASHed,Thinking Out Loud Lyrics With Music,Dm,81.46,6
unlEASHed,Gimme That (remix) ft. Lil Wayne,F#m,87.2,5
unlEASHed,Sorry ,D#,99.9,7
unlEASHed,Cheerleader LYRICS,E,118,6
unlEASHed,Vices,Fm,120,8
unlEASHed,Video Games,F#m,122.49,2
unlEASHed,"Kambakkht Ishq Full Song | Kareena Kapoor, Akshay Kumar",E,130,7
unlEASHed,John Legend   All Of Me Lyrics,G#,126,3
unlEASHed,Reprise Version | Neha Kakkar | Tony Kakkar | Fever,Fm,79.98,3
unlEASHed,Pehli Baar | Dhadak | Ishaan & Janhvi | Ajay Gogavale | Ajay-Atul | Amitabh Bhattacharya,Gm/Cm,139.99,4
unlEASHed,All Night Longer (Viral Video),C#,127,8
unlEASHed,F**kin Problems,A#m,96,5
unlEASHed,Rock That Body,Dm,125,7
unlEASHed,Take Me To Church,Em,129.02,4
unlEASHed,Better In Time,F#,82,5
unlEASHed,Full Song | Dhoom:2 | Hrithik Roshan | Aishwarya Rai,F#m,92,6
unlEASHed,By: Lukas Graham ,A#,119.89,5
unlEASHed,Bend Ova (audio),Fm,103,7
unlEASHed,Ek Dukhiyari Kahe Baat - Lata Mangeshkar,Dm,101.82,4
unlEASHed,Problem Lyrics,G#m,103,8
unlEASHed,"Mithun Chakraborty, Ranjeeta Kaur - Khwab - Bollywood Romantic Song",G,126.55,3
unlEASHed,RNBDJ - HD,Cm,124.87,6
unlEASHed,Something in the Water,G,139.86,6
unlEASHed,Are You Gonna Be My Girl,Am,104.99,6
unlEASHed,"Chittiyaan Kalaiyaan FULL VIDEO SONG | Roy | Meet Bros Anjjan, Kanika Kapoor | T-SERIES",G,100.07,7
unlEASHed,Meherbaan | feat Hrithik Roshan & Katrina Kaif | Vishal Shekhar | HD,Em,81,4
unlEASHed,Radioactive,A,136.59,6
unlEASHed,Rake It Up (Audio),Em,150,5
unlEASHed,BlackOut (Lyric Video),Fm,128,8
unlEASHed,Like A Boy,Cm,132.01,7
unlEASHed,Mans Not Hot,Fm,135,7
unlEASHed,The Ketchup Song (Asereje) (Spanglish Version),D#m,92.51,7
unlEASHed,Young Dumb & Broke | Khalid | Lyrics,F#,137,5
unlEASHed,"Main Shayar To Nahin | Bobby | Rishi Kapoor, Dimple Kapadia & Aruna Irani | Bollywood Superhits [HD]",Fm,147.54,4
unlEASHed,Ric Flair Drip,G#m,100,5
unlEASHed,We Dont Talk Anymore (feat. Selena Gomez),C#m,100,6
unlEASHed,Everybody (Backstreets Back),A#m,108.06,6
unlEASHed,Work from Home,G#,105,5
unlEASHed,Party,Em,142,6
unlEASHed,Leave (Get Out) Official Music Video [2004],Dm,87,6
unlEASHed,Freek-A-Leek (PAL Dirty),Gm,105.01,4
unlEASHed,Full Song | Dhoom:2 | Hrithik Roshan | Aishwarya Rai,Dm,102,7
unlEASHed,Mashup: Dhoom Machale Dhoom | DHOOM:3 | Katrina Kaif,Fm,110.01,7
unlEASHed,"Kishore Kumar, Rajesh Khanna, Mere Jeevan Saathi Song",F,108.85,3
unlEASHed,Love Me Like You Do,G#,95,7
unlEASHed,Super Bass,B,127,7
unlEASHed,No Flex Zone ,C#m,120,7
unlEASHed,Party In The U.S.A.,D#m,96,7
unlEASHed,7 Things,E,106.99,6
unlEASHed,Right There ft. 50 Cent,Am,95,6
unlEASHed,Candy x TDFW,D#m,100,7
unlEASHed,Koi Yahan Aha Nache Nache Koii Wahan - Bappi Lahiri - Usha Utthup,Fm,142.57,4
unlEASHed,Uptown Funk (feat. Bruno Mars) - Lyrics,Dm,115,7
unlEASHed,Suno Gaur Se Duniya Walo | Full Video Song | Independence Day Special,D#,143.01,5
unlEASHed,Katy Perry Dark Horse Lyrics,A#m,145.22,7
unlEASHed,black eyed peas : my humps lyrics,Am,124,6
unlEASHed,Jassi Sidhu & PBN | Full HD Video,Em,98,7
unlEASHed,On The Floor ft. Pitbull,D#m,130,7
unlEASHed,Lily Allen | LDN (Official Video),F,164.04,6
unlEASHed,Freak,Dm,110,8
unlEASHed,Can Money Buy Happiness,F#m,128.89,3
unlEASHed,Nicki Minaj ,Bm,125,8
unlEASHed,Clean Bandit ft. Sean Paul & Anne-Marie ,Am,101.99,6
unlEASHed,Clubhouse,Dm,115,6
unlEASHed,Full Song | Jab Tak Hai Jaan | Shah Rukh Khan | Anushka Sharma | Neeti Mohan,Bm,106,6
unlEASHed,Aahun Aahun | Full Video Song | Love Aaj Kal,C#m,130.01,6
unlEASHed,No One,C#m,90,7
unlEASHed,Glamorous ft. Ludacris,Am,131,7
unlEASHed,Everytime We Touch Lyrics,G#,142,9
unlEASHed,Mark-Ronson-Ft.-Bruno-Mars-Uptown-Funk-Instrumental-Prod.-By-Mark-Ronson,Dm,115,7
unlEASHed,Asalaam-e-Ishqum Song | Gunday | Ranveer | Arjun Kapoor | Priyanka | Neha Bhasin | Bappi Lahiri,F#m,106.97,8
unlEASHed,"Tum Mere Ho Video Song | Hate Story IV | Vivan Bhathena, Ihana Dhillon | Mithoon Jubin N Manoj M",D#,98.3,3
unlEASHed,We R Who We R,G#,120.01,7
unlEASHed,Tracy T ft  Meek Mill 16,C#m,138,7
unlEASHed,Thats The Way It Is (Video),E,93.01,7
unlEASHed,Party Like A Rockstar (With Lyrics),F#m,145,8
unlEASHed,Lollipop ft. Static,Dm,148.01,5
unlEASHed,Partner 2007 {H.Q.}   UK,Dm,122.88,6
unlEASHed,Dua Lipa Karaoke ã€êNo Guide Melodyã€‘ Instrumental_g-chgp2vGF4_youtube,Am,116,7
unlEASHed,"Title Track Video | Shahrukh Khan, Saif, Preity",C#,85.42,4
unlEASHed,Partition (Explicit Video),Em,93,7
unlEASHed,Twist (Full Song Video) | Love Aaj Kal | Saif Ali Khan & Deepika Padukone,Bm,109,7
unlEASHed,Dont Tell Me,E,144.12,7
unlEASHed,La Gozadera   Gente de Zona ft  Marc Anthony LYRICS LETRA,Am,95,6
unlEASHed,zack knight women with lyrics,C#m,100,5
unlEASHed,Im Real (Remix) ft. Ja Rule,Em,83.5,5
unlEASHed,STONER (FLOSSTRADAMUS REMIX),Fm,140,7
unlEASHed,Ore O Raja bahubali 2 hindi Full Video  song,Fm,137.33,4
unlEASHed,Indian love songs best super hits Hindi movie music album playlist romantic new videos,Am,150,4
unlEASHed,The Voice Within (VIDEO),G,139.98,4
unlEASHed,Gold Digger,G#m,92.41,6
unlEASHed,Lil Wayne Believe Me Ft Drake,A#m,91.99,4
unlEASHed,"Desi Girl Video | Priyanka Chopra, Abhishek, John",E,141.68,8
unlEASHed,Party People,F#m,82,7
unlEASHed,Everybody Mad,Dm,82,5
unlEASHed,"Badan Pe Sitare Lapete Huye | Mohammad Rafi | Prince | Shammi Kapoor, Vyjayanthimala",D#m,106.92,4
unlEASHed,"Mere rashke qamar 2    Prabhas, Anushka ..",Cm,105.24,6
unlEASHed,Hotline Bling,Dm,135.01,6
unlEASHed,Lush Life ,Cm,98,7
unlEASHed,Waka Flocka Flame- Grove St. Party Ft. Kebo Gotti,Dm,140,6
unlEASHed,Seeti Maar Full Video Song | DJ Video Songs | Allu Arjun | Pooja Hegde | DSP,Cm,125,8
unlEASHed,My Life Would Suck Without You,A,145,7
unlEASHed,Payphone (Explicit) ft. Wiz Khalifa,B,109.59,7
unlEASHed,"PREM RATAN DHAN PAYO Title Song (Full VIDEO) | Salman Khan, Sonam Kapoor | Palak Muchhal T-Series",F#m,96.9,5
unlEASHed,Counting Stars,C#m,122,7
unlEASHed,Deewana Mujhsa Nahin - Aamir Khan & Madhuri Dixit - Udit Narayan,C#m,100,4
unlEASHed,Zaroori Tha,G#m,113.47,5
unlEASHed,Fancy Lyrics,Cm,94.9,8
unlEASHed,All About That Bass,A,134,7
unlEASHed,Get ugly by Jason Derulo Lyrics by Kyle,Dm,111,7
unlEASHed,Aint No Other Man (Video Main),F#m,129.33,7
unlEASHed,In My Head (Video),D#,110,7
unlEASHed,Family Portrait (Video),Cm,91.79,6
unlEASHed,Mad Love (Lyric Video),Em,98.01,8
unlEASHed,Chammak Challo Full Song Video Ra One | ShahRukh Khan | Kareena Kapoor,C#m,139.58,8
unlEASHed,Hum Aapke Hain Koun,Bm,92.84,4
unlEASHed,CANT STOP THE FEELING! (From DreamWorks Animations Trolls) (Official Video),Am,113,7
unlEASHed,My Prerogative,Fm,111,7
unlEASHed,Somebody That I Used To Know (feat. Kimbra) - official video,Dm,129,6
unlEASHed,Sheila Ki Jawani Full Song | Tees Maar Khan (With Lyrics) Katrina Kaif,Bm,101,5
unlEASHed,Alive,Dm,150,6
unlEASHed,Dilwale | Varun Dhawan | Kriti Sanon | Party Anthem of 2016,Am,102,8
unlEASHed,Pound The Alarm by Nicki Minaj,C#m,125,7
unlEASHed,So Far Away,Em,152,6
unlEASHed,Mi Gente,Em,105,6
unlEASHed,Mohra (1994) *HD* Music Videos,Fm,103.79,4
unlEASHed,Nick Jonas (Lyrics Video),Cm,152,7
unlEASHed,Just Dance ft. Colby ODonis,C#m,119,7
unlEASHed,I Took A Pill In Ibiza (SeeB Remix),A#,102,6
unlEASHed,Hello,G#,154.98,4
unlEASHed,Guru Randhawa: Lahore (Official Video) Bhushan Kumar | Vee DirectorGifty | T-Series,F#m,116.71,6
unlEASHed,Beautiful,D#,152.26,5
unlEASHed,Superman x Lean Back,Am,102,8
unlEASHed,Controlla ,Em,95,5
unlEASHed,Dr. Srimix (ft. Aditya Rao & Jai Matt)  ||  Darzana,Gm,140,7
unlEASHed,Gold Digger ft. Jamie Foxx,G#m,92.41,6
unlEASHed,Pop That,D,138.01,7
unlEASHed,Full Song | Dhoom | Abhishek Bachchan | Uday Chopra | Esha Deol | Abhijeet | Sowmya,Gm,135.41,4
unlEASHed,Martin Garrix & Bebe Rexha ,G,134,5
unlEASHed,Hands To Myself,Cm,111,7
unlEASHed,Mere Humsafar,Gm,103.35,5
unlEASHed,Beg For It (Lyric Video),D#m,93,7
unlEASHed,CoCo [Music Video],Gm,120.25,5
unlEASHed,Teenage Dream,A#,119.89,7